ISO,Country,BOS_KICKOFF_REVIEW_TRACKERID,AGENCY_NAME
"",R-BOS Africa,148,FAO
"",R-BOS Africa,148,IFAD
"",R-BOS Africa,148,ILO
"",R-BOS Africa,148,IOM
"",R-BOS Africa,148,ITU
"",R-BOS Africa,148,UN
"",R-BOS Africa,148,UN - Recs & OaHs
"",R-BOS Africa,148,UN WOMEN
"",R-BOS Africa,148,UNAIDS
"",R-BOS Africa,148,UNCDF
"",R-BOS Africa,148,UNDP
"",R-BOS Africa,148,UNESCO
"",R-BOS Africa,148,UNFPA
"",R-BOS Africa,148,UNHCR
"",R-BOS Africa,148,UNICEF
"",R-BOS Africa,148,UNIDO
"",R-BOS Africa,148,UNOPS
"",R-BOS Africa,148,UNS – DCO
"",R-BOS Africa,148,UNS – ECA
"",R-BOS Africa,148,UNS - OCHA
"",R-BOS Africa,148,UNS - OHCHR
"",R-BOS Africa,148,UNS – Other
"",R-BOS Africa,148,UNS - UN Habitat
"",R-BOS Africa,148,UNS - UNODC
"",R-BOS Africa,148,UNV
"",R-BOS Africa,148,WFP
"",R-BOS Africa,148,WHO
"",R-BOS Arab States,143,FAO
"",R-BOS Arab States,143,ICAO
"",R-BOS Arab States,143,IFAD
"",R-BOS Arab States,143,ILO
"",R-BOS Arab States,143,IOM
"",R-BOS Arab States,143,ITU
"",R-BOS Arab States,143,UN
"",R-BOS Arab States,143,UN - Recs & OaHs
"",R-BOS Arab States,143,UN WOMEN
"",R-BOS Arab States,143,UNAIDS
"",R-BOS Arab States,143,UNDP
"",R-BOS Arab States,143,UNESCO
"",R-BOS Arab States,143,UNFPA
"",R-BOS Arab States,143,UNHCR
"",R-BOS Arab States,143,UNICEF
"",R-BOS Arab States,143,UNIDO
"",R-BOS Arab States,143,UNOPS
"",R-BOS Arab States,143,UNRWA
"",R-BOS Arab States,143,UNS – ESCWA
"",R-BOS Arab States,143,UNS - OCHA
"",R-BOS Arab States,143,UNS - OHCHR
"",R-BOS Arab States,143,UNS - UN Habitat
"",R-BOS Arab States,143,UNS - UNEP
"",R-BOS Arab States,143,UNS - UNODC
"",R-BOS Arab States,143,UNV
"",R-BOS Arab States,143,WFP
"",R-BOS Arab States,143,WHO
"",R-BOS Asia Pacific,275,FAO
"",R-BOS Asia Pacific,275,IAEA
"",R-BOS Asia Pacific,275,ICAO
"",R-BOS Asia Pacific,275,IFAD
"",R-BOS Asia Pacific,275,ILO
"",R-BOS Asia Pacific,275,IMF
"",R-BOS Asia Pacific,275,IOM
"",R-BOS Asia Pacific,275,ITC
"",R-BOS Asia Pacific,275,ITU
"",R-BOS Asia Pacific,275,UN
"",R-BOS Asia Pacific,275,UN WOMEN
"",R-BOS Asia Pacific,275,UNAIDS
"",R-BOS Asia Pacific,275,UNCDF
"",R-BOS Asia Pacific,275,UNDP
"",R-BOS Asia Pacific,275,UNESCO
"",R-BOS Asia Pacific,275,UNFPA
"",R-BOS Asia Pacific,275,UNHCR
"",R-BOS Asia Pacific,275,UNICEF
"",R-BOS Asia Pacific,275,UNIDO
"",R-BOS Asia Pacific,275,UNOPS
"",R-BOS Asia Pacific,275,UNS – DCO
"",R-BOS Asia Pacific,275,UNS – ESCAP
"",R-BOS Asia Pacific,275,UNS - OCHA
"",R-BOS Asia Pacific,275,UNS - OHCHR
"",R-BOS Asia Pacific,275,UNS – Other
"",R-BOS Asia Pacific,275,UNS - UN Habitat
"",R-BOS Asia Pacific,275,UNS - UNCTAD
"",R-BOS Asia Pacific,275,UNS - UNEP
"",R-BOS Asia Pacific,275,UNS - UNODC
"",R-BOS Asia Pacific,275,UNU
"",R-BOS Asia Pacific,275,UNV
"",R-BOS Asia Pacific,275,UPU
"",R-BOS Asia Pacific,275,WFP
"",R-BOS Asia Pacific,275,WHO
"",R-BOS Asia Pacific,275,WMO
"",R-BOS Latin America and the Caribbean,139,FAO
"",R-BOS Latin America and the Caribbean,139,UN WOMEN
"",R-BOS Latin America and the Caribbean,139,UNAIDS
"",R-BOS Latin America and the Caribbean,139,UNDP
"",R-BOS Latin America and the Caribbean,139,UNESCO
"",R-BOS Latin America and the Caribbean,139,UNFPA
"",R-BOS Latin America and the Caribbean,139,UNHCR
"",R-BOS Latin America and the Caribbean,139,UNICEF
"",R-BOS Latin America and the Caribbean,139,UNIDO
"",R-BOS Latin America and the Caribbean,139,UNOPS
"",R-BOS Latin America and the Caribbean,139,UNS – DCO
"",R-BOS Latin America and the Caribbean,139,UNS – ECLAC
"",R-BOS Latin America and the Caribbean,139,WFP
"",United States of America,12,FAO
"",United States of America,12,ICAO
"",United States of America,12,IFAD
"",United States of America,12,ILO
"",United States of America,12,IMF
"",United States of America,12,ITC
"",United States of America,12,ITU
"",United States of America,12,UN
"",United States of America,12,UNAIDS
"",United States of America,12,UNCDF
"",United States of America,12,UNDP
"",United States of America,12,UNESCO
"",United States of America,12,UNFPA
"",United States of America,12,UNHCR
"",United States of America,12,UNICEF
"",United States of America,12,UNIDO
"",United States of America,12,UNS – DCO
"",United States of America,12,UNS – ECLAC
"",United States of America,12,UNS - OHCHR
"",United States of America,12,UNS – RCOs
"",United States of America,12,UNS - UN Habitat
"",United States of America,12,UNS - UNCTAD
"",United States of America,12,UNS - UNEP
"",United States of America,12,WFP
AFG,Afghanistan,229,FAO
AFG,Afghanistan,229,IFAD
AFG,Afghanistan,229,ILO
AFG,Afghanistan,229,IMF
AFG,Afghanistan,229,IOM
AFG,Afghanistan,229,ITC
AFG,Afghanistan,229,UN
AFG,Afghanistan,229,UN WOMEN
AFG,Afghanistan,229,UNAIDS
AFG,Afghanistan,229,UNDP
AFG,Afghanistan,229,UNESCO
AFG,Afghanistan,229,UNFPA
AFG,Afghanistan,229,UNHCR
AFG,Afghanistan,229,UNICEF
AFG,Afghanistan,229,UNIDO
AFG,Afghanistan,229,UNOPS
AFG,Afghanistan,229,UNS - OCHA
AFG,Afghanistan,229,UNS - OHCHR
AFG,Afghanistan,229,UNS – RCOs
AFG,Afghanistan,229,UNS - UN Habitat
AFG,Afghanistan,229,UNS – UNAMA
AFG,Afghanistan,229,UNS - UNCTAD
AFG,Afghanistan,229,UNS - UNEP
AFG,Afghanistan,229,UNS - UNODC
AFG,Afghanistan,229,UNV
AFG,Afghanistan,229,WFP
AFG,Afghanistan,229,WHO
AFG,Afghanistan,229,World Bank
AGO,Angola,305,FAO
AGO,Angola,305,IFAD
AGO,Angola,305,IMF
AGO,Angola,305,IOM
AGO,Angola,305,UN
AGO,Angola,305,UNAIDS
AGO,Angola,305,UNDP
AGO,Angola,305,UNESCO
AGO,Angola,305,UNFPA
AGO,Angola,305,UNHCR
AGO,Angola,305,UNICEF
AGO,Angola,305,UNOPS
AGO,Angola,305,UNS – DSS
AGO,Angola,305,UNS – RCOs
AGO,Angola,305,UNS - UNCTAD
AGO,Angola,305,WFP
AGO,Angola,305,WHO
AGO,Angola,305,World Bank
ALB,Albania,303,FAO
ALB,Albania,303,ILO
ALB,Albania,303,IOM
ALB,Albania,303,UN
ALB,Albania,303,UN WOMEN
ALB,Albania,303,UNDP
ALB,Albania,303,UNFPA
ALB,Albania,303,UNHCR
ALB,Albania,303,UNICEF
ALB,Albania,303,UNIDO
ALB,Albania,303,UNOPS
ALB,Albania,303,UNS – RCOs
ALB,Albania,303,UNS - UNODC
ALB,Albania,303,WHO
ARE,United Arab Emirates,393,FAO
ARE,United Arab Emirates,393,UN
ARE,United Arab Emirates,393,UN WOMEN
ARE,United Arab Emirates,393,UNFPA
ARE,United Arab Emirates,393,UNHCR
ARE,United Arab Emirates,393,UNICEF
ARE,United Arab Emirates,393,UNRWA
ARE,United Arab Emirates,393,UNS – DSS
ARE,United Arab Emirates,393,UNS - OCHA
ARE,United Arab Emirates,393,UNS – RCOs
ARE,United Arab Emirates,393,UNS - UNEP
ARE,United Arab Emirates,393,UNS - UNODC
ARE,United Arab Emirates,393,WFP
ARE,United Arab Emirates,393,WHO
ARG,Argentina,306,FAO
ARG,Argentina,306,ILO
ARG,Argentina,306,IOM
ARG,Argentina,306,PAHO
ARG,Argentina,306,UN
ARG,Argentina,306,UN WOMEN
ARG,Argentina,306,UNAIDS
ARG,Argentina,306,UNDP
ARG,Argentina,306,UNESCO
ARG,Argentina,306,UNFPA
ARG,Argentina,306,UNHCR
ARG,Argentina,306,UNICEF
ARG,Argentina,306,UNOPS
ARG,Argentina,306,UNS – DGC
ARG,Argentina,306,UNS – DSS
ARG,Argentina,306,UNS – ECLAC
ARG,Argentina,306,UNS – RCOs
ARM,Armenia,307,FAO
ARM,Armenia,307,IOM
ARM,Armenia,307,UN
ARM,Armenia,307,UNDP
ARM,Armenia,307,UNFPA
ARM,Armenia,307,UNHCR
ARM,Armenia,307,UNICEF
ARM,Armenia,307,UNIDO
ARM,Armenia,307,UNS – RCOs
ARM,Armenia,307,WFP
ARM,Armenia,307,WHO
AZE,Azerbaijan,398,FAO
AZE,Azerbaijan,398,ILO
AZE,Azerbaijan,398,IOM
AZE,Azerbaijan,398,UN
AZE,Azerbaijan,398,UNDP
AZE,Azerbaijan,398,UNFPA
AZE,Azerbaijan,398,UNHCR
AZE,Azerbaijan,398,UNICEF
AZE,Azerbaijan,398,UNOPS
AZE,Azerbaijan,398,UNS - OHCHR
AZE,Azerbaijan,398,UNS – RCOs
AZE,Azerbaijan,398,UNS - UNODC
AZE,Azerbaijan,398,WHO
BDI,Burundi,318,FAO
BDI,Burundi,318,IFAD
BDI,Burundi,318,IOM
BDI,Burundi,318,UN
BDI,Burundi,318,UN WOMEN
BDI,Burundi,318,UNAIDS
BDI,Burundi,318,UNDP
BDI,Burundi,318,UNESCO
BDI,Burundi,318,UNFPA
BDI,Burundi,318,UNHCR
BDI,Burundi,318,UNICEF
BDI,Burundi,318,UNOPS
BDI,Burundi,318,UNS - OCHA
BDI,Burundi,318,UNS – RCOs
BDI,Burundi,318,UNV
BDI,Burundi,318,WFP
BDI,Burundi,318,WHO
BEN,Benin,312,FAO
BEN,Benin,312,IFAD
BEN,Benin,312,ILO
BEN,Benin,312,IMF
BEN,Benin,312,IOM
BEN,Benin,312,ITC
BEN,Benin,312,UN
BEN,Benin,312,UN WOMEN
BEN,Benin,312,UNAIDS
BEN,Benin,312,UNCDF
BEN,Benin,312,UNDP
BEN,Benin,312,UNESCO
BEN,Benin,312,UNFPA
BEN,Benin,312,UNICEF
BEN,Benin,312,UNIDO
BEN,Benin,312,UNOPS
BEN,Benin,312,UNS – RCOs
BEN,Benin,312,UNS - UNEP
BEN,Benin,312,UPU
BEN,Benin,312,WFP
BEN,Benin,312,WHO
BEN,Benin,312,World Bank
BFA,Burkina Faso,317,FAO
BFA,Burkina Faso,317,IAEA
BFA,Burkina Faso,317,ICAO
BFA,Burkina Faso,317,ILO
BFA,Burkina Faso,317,IMF
BFA,Burkina Faso,317,IOM
BFA,Burkina Faso,317,ITC
BFA,Burkina Faso,317,UN
BFA,Burkina Faso,317,UN WOMEN
BFA,Burkina Faso,317,UNAIDS
BFA,Burkina Faso,317,UNCDF
BFA,Burkina Faso,317,UNDP
BFA,Burkina Faso,317,UNESCO
BFA,Burkina Faso,317,UNFPA
BFA,Burkina Faso,317,UNHCR
BFA,Burkina Faso,317,UNICEF
BFA,Burkina Faso,317,UNIDO
BFA,Burkina Faso,317,UNOPS
BFA,Burkina Faso,317,UNS – DSS
BFA,Burkina Faso,317,UNS - OCHA
BFA,Burkina Faso,317,UNS – OCT
BFA,Burkina Faso,317,UNS - OHCHR
BFA,Burkina Faso,317,UNS – Other
BFA,Burkina Faso,317,UNS – RCOs
BFA,Burkina Faso,317,UNS - UN Habitat
BFA,Burkina Faso,317,UNS - UNODC
BFA,Burkina Faso,317,UNS – UNOWAS
BFA,Burkina Faso,317,UNV
BFA,Burkina Faso,317,WFP
BFA,Burkina Faso,317,WHO
BFA,Burkina Faso,317,World Bank
BGD,Bangladesh,309,FAO
BGD,Bangladesh,309,IFAD
BGD,Bangladesh,309,ILO
BGD,Bangladesh,309,IOM
BGD,Bangladesh,309,UN
BGD,Bangladesh,309,UN WOMEN
BGD,Bangladesh,309,UNAIDS
BGD,Bangladesh,309,UNCDF
BGD,Bangladesh,309,UNDP
BGD,Bangladesh,309,UNESCO
BGD,Bangladesh,309,UNFPA
BGD,Bangladesh,309,UNHCR
BGD,Bangladesh,309,UNICEF
BGD,Bangladesh,309,UNIDO
BGD,Bangladesh,309,UNOPS
BGD,Bangladesh,309,UNS – RCOs
BGD,Bangladesh,309,UNS - UNODC
BGD,Bangladesh,309,UNV
BGD,Bangladesh,309,WFP
BGD,Bangladesh,309,WHO
BHR,Bahrain,308,FAO
BHR,Bahrain,308,IOM
BHR,Bahrain,308,UN
BHR,Bahrain,308,UNDP
BHR,Bahrain,308,UNESCO
BHR,Bahrain,308,UNFPA
BHR,Bahrain,308,UNIDO
BHR,Bahrain,308,UNS – DGC
BHR,Bahrain,308,UNS – RCOs
BHR,Bahrain,308,UNS - UN Habitat
BHR,Bahrain,308,UNS - UNEP
BHR,Bahrain,308,UNS - UNODC
BHR,Bahrain,308,WHO
BIH,Bosnia and Herzegovina,315,FAO
BIH,Bosnia and Herzegovina,315,ILO
BIH,Bosnia and Herzegovina,315,IOM
BIH,Bosnia and Herzegovina,315,UN
BIH,Bosnia and Herzegovina,315,UN WOMEN
BIH,Bosnia and Herzegovina,315,UNDP
BIH,Bosnia and Herzegovina,315,UNESCO
BIH,Bosnia and Herzegovina,315,UNFPA
BIH,Bosnia and Herzegovina,315,UNHCR
BIH,Bosnia and Herzegovina,315,UNICEF
BIH,Bosnia and Herzegovina,315,UNS – DSS
BIH,Bosnia and Herzegovina,315,UNS – RCOs
BIH,Bosnia and Herzegovina,315,WHO
BLR,Belarus,310,IOM
BLR,Belarus,310,UN
BLR,Belarus,310,UNAIDS
BLR,Belarus,310,UNDP
BLR,Belarus,310,UNFPA
BLR,Belarus,310,UNHCR
BLR,Belarus,310,UNICEF
BLR,Belarus,310,UNS – RCOs
BLR,Belarus,310,WHO
BLZ,Belize,311,FAO
BLZ,Belize,311,ILO
BLZ,Belize,311,IOM
BLZ,Belize,311,PAHO
BLZ,Belize,311,UN
BLZ,Belize,311,UNDP
BLZ,Belize,311,UNFPA
BLZ,Belize,311,UNHCR
BLZ,Belize,311,UNICEF
BLZ,Belize,311,UNOPS
BLZ,Belize,311,UNS - OHCHR
BLZ,Belize,311,UNS – RCOs
BLZ,Belize,311,WFP
BOL,Bolivia,314,FAO
BOL,Bolivia,314,IAEA
BOL,Bolivia,314,IFAD
BOL,Bolivia,314,ILO
BOL,Bolivia,314,IMF
BOL,Bolivia,314,IMO
BOL,Bolivia,314,IOM
BOL,Bolivia,314,PAHO
BOL,Bolivia,314,UN
BOL,Bolivia,314,UN WOMEN
BOL,Bolivia,314,UNAIDS
BOL,Bolivia,314,UNDP
BOL,Bolivia,314,UNESCO
BOL,Bolivia,314,UNFPA
BOL,Bolivia,314,UNHCR
BOL,Bolivia,314,UNICEF
BOL,Bolivia,314,UNIDO
BOL,Bolivia,314,UNS – DGC
BOL,Bolivia,314,UNS – DSS
BOL,Bolivia,314,UNS - OCHA
BOL,Bolivia,314,UNS - OHCHR
BOL,Bolivia,314,UNS – RCOs
BOL,Bolivia,314,UNS - UN Habitat
BOL,Bolivia,314,UNS - UNEP
BOL,Bolivia,314,UNS - UNODC
BOL,Bolivia,314,UNV
BOL,Bolivia,314,WFP
BOL,Bolivia,314,WHO
BOL,Bolivia,314,World Bank
BRA,Brazil,399,FAO
BRA,Brazil,399,IFAD
BRA,Brazil,399,ILO
BRA,Brazil,399,IOM
BRA,Brazil,399,ITU
BRA,Brazil,399,UN
BRA,Brazil,399,UN WOMEN
BRA,Brazil,399,UNAIDS
BRA,Brazil,399,UNDP
BRA,Brazil,399,UNESCO
BRA,Brazil,399,UNFPA
BRA,Brazil,399,UNHCR
BRA,Brazil,399,UNICEF
BRA,Brazil,399,UNIDO
BRA,Brazil,399,UNOPS
BRA,Brazil,399,UNS – RCOs
BRA,Brazil,399,UNS - UN Habitat
BRA,Brazil,399,UNS - UNEP
BRA,Brazil,399,UNS - UNODC
BRA,Brazil,399,UNV
BRA,Brazil,399,WFP
BRA,Brazil,399,WHO
BRB,Barbados,272,FAO
BRB,Barbados,272,ITU
BRB,Barbados,272,PAHO
BRB,Barbados,272,UN
BRB,Barbados,272,UN WOMEN
BRB,Barbados,272,UNDP
BRB,Barbados,272,UNFPA
BRB,Barbados,272,UNICEF
BRB,Barbados,272,UNS – RCOs
BRB,Barbados,272,WFP
BTN,Bhutan,313,FAO
BTN,Bhutan,313,UN
BTN,Bhutan,313,UNDP
BTN,Bhutan,313,UNFPA
BTN,Bhutan,313,UNICEF
BTN,Bhutan,313,UNS – RCOs
BTN,Bhutan,313,UNS - UNODC
BTN,Bhutan,313,WFP
BTN,Bhutan,313,WHO
BWA,Botswana,316,FAO
BWA,Botswana,316,ILO
BWA,Botswana,316,IOM
BWA,Botswana,316,UN
BWA,Botswana,316,UNAIDS
BWA,Botswana,316,UNDP
BWA,Botswana,316,UNESCO
BWA,Botswana,316,UNFPA
BWA,Botswana,316,UNHCR
BWA,Botswana,316,UNICEF
BWA,Botswana,316,UNS – DSS
BWA,Botswana,316,UNS – RCOs
BWA,Botswana,316,WHO
BWA,Botswana,316,World Bank
CAF,Central African Republic,322,FAO
CAF,Central African Republic,322,ILO
CAF,Central African Republic,322,IOM
CAF,Central African Republic,322,UN
CAF,Central African Republic,322,UN - Peace Operations
CAF,Central African Republic,322,UN WOMEN
CAF,Central African Republic,322,UNAIDS
CAF,Central African Republic,322,UNDP
CAF,Central African Republic,322,UNFPA
CAF,Central African Republic,322,UNHCR
CAF,Central African Republic,322,UNICEF
CAF,Central African Republic,322,UNOPS
CAF,Central African Republic,322,UNS - OCHA
CAF,Central African Republic,322,UNS – RCOs
CAF,Central African Republic,322,WFP
CAF,Central African Republic,322,WHO
CHL,Chile,324,FAO
CHL,Chile,324,ILO
CHL,Chile,324,UN
CHL,Chile,324,UN - Recs & OaHs
CHL,Chile,324,UNDP
CHL,Chile,324,UNESCO
CHL,Chile,324,UNICEF
CHL,Chile,324,UNS – ECLAC
CHL,Chile,324,UNS – RCOs
CHN,China,400,FAO
CHN,China,400,ICAO
CHN,China,400,IFAD
CHN,China,400,ILO
CHN,China,400,IOM
CHN,China,400,UN
CHN,China,400,UN WOMEN
CHN,China,400,UNAIDS
CHN,China,400,UNDP
CHN,China,400,UNESCO
CHN,China,400,UNFPA
CHN,China,400,UNHCR
CHN,China,400,UNICEF
CHN,China,400,UNIDO
CHN,China,400,UNS – ESCAP
CHN,China,400,UNS – RCOs
CHN,China,400,UNS - UN Habitat
CHN,China,400,UNS - UNEP
CHN,China,400,UNV
CHN,China,400,WFP
CHN,China,400,WHO
CIV,Cote d'Ivoire,328,FAO
CIV,Cote d'Ivoire,328,IFAD
CIV,Cote d'Ivoire,328,ILO
CIV,Cote d'Ivoire,328,IOM
CIV,Cote d'Ivoire,328,UN
CIV,Cote d'Ivoire,328,UN WOMEN
CIV,Cote d'Ivoire,328,UNAIDS
CIV,Cote d'Ivoire,328,UNDP
CIV,Cote d'Ivoire,328,UNESCO
CIV,Cote d'Ivoire,328,UNFPA
CIV,Cote d'Ivoire,328,UNHCR
CIV,Cote d'Ivoire,328,UNICEF
CIV,Cote d'Ivoire,328,UNIDO
CIV,Cote d'Ivoire,328,UNS – DSS
CIV,Cote d'Ivoire,328,UNS – RCOs
CIV,Cote d'Ivoire,328,UNS - UNEP
CIV,Cote d'Ivoire,328,WFP
CIV,Cote d'Ivoire,328,WHO
CMR,Cameroon,321,FAO
CMR,Cameroon,321,IFAD
CMR,Cameroon,321,ILO
CMR,Cameroon,321,IOM
CMR,Cameroon,321,ITU
CMR,Cameroon,321,UN
CMR,Cameroon,321,UN WOMEN
CMR,Cameroon,321,UNAIDS
CMR,Cameroon,321,UNDP
CMR,Cameroon,321,UNESCO
CMR,Cameroon,321,UNFPA
CMR,Cameroon,321,UNHCR
CMR,Cameroon,321,UNICEF
CMR,Cameroon,321,UNIDO
CMR,Cameroon,321,UNOPS
CMR,Cameroon,321,UNS – ECA
CMR,Cameroon,321,UNS - OCHA
CMR,Cameroon,321,UNS - OHCHR
CMR,Cameroon,321,UNS – RCOs
CMR,Cameroon,321,UNS - UNODC
CMR,Cameroon,321,UNS – UNOWAS
CMR,Cameroon,321,UNV
CMR,Cameroon,321,WFP
CMR,Cameroon,321,WHO
CMR,Cameroon,321,World Bank
COD,Democratic Republic of the Congo,330,FAO
COD,Democratic Republic of the Congo,330,IFAD
COD,Democratic Republic of the Congo,330,ILO
COD,Democratic Republic of the Congo,330,IMF
COD,Democratic Republic of the Congo,330,IOM
COD,Democratic Republic of the Congo,330,UN
COD,Democratic Republic of the Congo,330,UN WOMEN
COD,Democratic Republic of the Congo,330,UNAIDS
COD,Democratic Republic of the Congo,330,UNCDF
COD,Democratic Republic of the Congo,330,UNDP
COD,Democratic Republic of the Congo,330,UNESCO
COD,Democratic Republic of the Congo,330,UNFPA
COD,Democratic Republic of the Congo,330,UNHCR
COD,Democratic Republic of the Congo,330,UNICEF
COD,Democratic Republic of the Congo,330,UNIDO
COD,Democratic Republic of the Congo,330,UNOPS
COD,Democratic Republic of the Congo,330,UNS – DSS
COD,Democratic Republic of the Congo,330,UNS - OCHA
COD,Democratic Republic of the Congo,330,UNS - OHCHR
COD,Democratic Republic of the Congo,330,UNS – RCOs
COD,Democratic Republic of the Congo,330,UNS - UN Habitat
COD,Democratic Republic of the Congo,330,WFP
COD,Democratic Republic of the Congo,330,WHO
COD,Democratic Republic of the Congo,330,World Bank
COG,Congo,326,FAO
COG,Congo,326,UN
COG,Congo,326,UNAIDS
COG,Congo,326,UNDP
COG,Congo,326,UNESCO
COG,Congo,326,UNFPA
COG,Congo,326,UNHCR
COG,Congo,326,UNICEF
COG,Congo,326,WFP
COG,Congo,326,WHO
COL,Colombia,325,FAO
COL,Colombia,325,IFAD
COL,Colombia,325,ILO
COL,Colombia,325,IOM
COL,Colombia,325,PAHO
COL,Colombia,325,UN
COL,Colombia,325,UN WOMEN
COL,Colombia,325,UNDP
COL,Colombia,325,UNESCO
COL,Colombia,325,UNFPA
COL,Colombia,325,UNHCR
COL,Colombia,325,UNICEF
COL,Colombia,325,UNIDO
COL,Colombia,325,UNOPS
COL,Colombia,325,UNS – DCO
COL,Colombia,325,UNS – DGC
COL,Colombia,325,UNS – DSS
COL,Colombia,325,UNS – ECLAC
COL,Colombia,325,UNS - OCHA
COL,Colombia,325,UNS - OHCHR
COL,Colombia,325,UNS – RCOs
COL,Colombia,325,UNS - UN Habitat
COL,Colombia,325,UNS - UNEP
COL,Colombia,325,UNS - UNODC
COL,Colombia,325,UNS – UNVMC
COL,Colombia,325,UNV
COL,Colombia,325,WFP
COL,Colombia,325,World Bank
COM,Comoros,301,FAO
COM,Comoros,301,IMF
COM,Comoros,301,IOM
COM,Comoros,301,UN
COM,Comoros,301,UNDP
COM,Comoros,301,UNFPA
COM,Comoros,301,UNICEF
COM,Comoros,301,UNS – RCOs
COM,Comoros,301,WHO
COM,Comoros,301,World Bank
CPV,Cabo Verde,319,FAO
CPV,Cabo Verde,319,ILO
CPV,Cabo Verde,319,IOM
CPV,Cabo Verde,319,ITU
CPV,Cabo Verde,319,UN
CPV,Cabo Verde,319,UN WOMEN
CPV,Cabo Verde,319,UNDP
CPV,Cabo Verde,319,UNESCO
CPV,Cabo Verde,319,UNFPA
CPV,Cabo Verde,319,UNICEF
CPV,Cabo Verde,319,UNIDO
CPV,Cabo Verde,319,UNS – ECA
CPV,Cabo Verde,319,UNS - OHCHR
CPV,Cabo Verde,319,UNS – RCOs
CPV,Cabo Verde,319,UNS - UN Habitat
CPV,Cabo Verde,319,UNS - UNCTAD
CPV,Cabo Verde,319,UNS - UNEP
CPV,Cabo Verde,319,UNS - UNODC
CPV,Cabo Verde,319,WFP
CPV,Cabo Verde,319,WHO
CPV,Cabo Verde,319,WIPO
CRI,Costa Rica,327,FAO
CRI,Costa Rica,327,ILO
CRI,Costa Rica,327,IOM
CRI,Costa Rica,327,UN
CRI,Costa Rica,327,UN WOMEN
CRI,Costa Rica,327,UNDP
CRI,Costa Rica,327,UNESCO
CRI,Costa Rica,327,UNFPA
CRI,Costa Rica,327,UNHCR
CRI,Costa Rica,327,UNICEF
CRI,Costa Rica,327,UNOPS
CRI,Costa Rica,327,UNS - OHCHR
CRI,Costa Rica,327,UNS – Other
CRI,Costa Rica,327,UNS – RCOs
CRI,Costa Rica,327,UPU
CRI,Costa Rica,327,WHO
CRI,Costa Rica,327,WMO
CUB,Cuba,329,FAO
CUB,Cuba,329,IFAD
CUB,Cuba,329,ILO
CUB,Cuba,329,IOM
CUB,Cuba,329,ITC
CUB,Cuba,329,UN
CUB,Cuba,329,UN - Recs & OaHs
CUB,Cuba,329,UN WOMEN
CUB,Cuba,329,UNAIDS
CUB,Cuba,329,UNDP
CUB,Cuba,329,UNESCO
CUB,Cuba,329,UNFPA
CUB,Cuba,329,UNHCR
CUB,Cuba,329,UNICEF
CUB,Cuba,329,UNIDO
CUB,Cuba,329,UNOPS
CUB,Cuba,329,UNS - OCHA
CUB,Cuba,329,UNS – RCOs
CUB,Cuba,329,UNS - UN Habitat
CUB,Cuba,329,UNS - UNCTAD
CUB,Cuba,329,UNS - UNEP
CUB,Cuba,329,UNS - UNODC
CUB,Cuba,329,WFP
CUB,Cuba,329,WHO
DJI,Djibouti,331,FAO
DJI,Djibouti,331,ILO
DJI,Djibouti,331,IOM
DJI,Djibouti,331,UN
DJI,Djibouti,331,UNAIDS
DJI,Djibouti,331,UNDP
DJI,Djibouti,331,UNFPA
DJI,Djibouti,331,UNHCR
DJI,Djibouti,331,UNICEF
DJI,Djibouti,331,UNOPS
DJI,Djibouti,331,UNS – DSS
DJI,Djibouti,331,UNS – RCOs
DJI,Djibouti,331,UNV
DJI,Djibouti,331,WFP
DJI,Djibouti,331,WHO
DOM,Dominican Republic,332,FAO
DOM,Dominican Republic,332,IOM
DOM,Dominican Republic,332,PAHO
DOM,Dominican Republic,332,UN
DOM,Dominican Republic,332,UNAIDS
DOM,Dominican Republic,332,UNDP
DOM,Dominican Republic,332,UNFPA
DOM,Dominican Republic,332,UNHCR
DOM,Dominican Republic,332,UNICEF
DOM,Dominican Republic,332,UNS – RCOs
DOM,Dominican Republic,332,WFP
DZA,Algeria,304,FAO
DZA,Algeria,304,ICAO
DZA,Algeria,304,ILO
DZA,Algeria,304,IOM
DZA,Algeria,304,UN
DZA,Algeria,304,UNAIDS
DZA,Algeria,304,UNDP
DZA,Algeria,304,UNFPA
DZA,Algeria,304,UNHCR
DZA,Algeria,304,UNICEF
DZA,Algeria,304,UNIDO
DZA,Algeria,304,UNS – DGC
DZA,Algeria,304,UNS – DSS
DZA,Algeria,304,UNS – RCOs
DZA,Algeria,304,UNS - UNODC
DZA,Algeria,304,WFP
DZA,Algeria,304,WHO
DZA,Algeria,304,WIPO
ECU,Ecuador,333,FAO
ECU,Ecuador,333,ILO
ECU,Ecuador,333,IOM
ECU,Ecuador,333,PAHO
ECU,Ecuador,333,UN
ECU,Ecuador,333,UN WOMEN
ECU,Ecuador,333,UNDP
ECU,Ecuador,333,UNESCO
ECU,Ecuador,333,UNFPA
ECU,Ecuador,333,UNHCR
ECU,Ecuador,333,UNICEF
ECU,Ecuador,333,UNIDO
ECU,Ecuador,333,UNS – RCOs
ECU,Ecuador,333,UNS - UNODC
ECU,Ecuador,333,UNV
ECU,Ecuador,333,WFP
EGY,Egypt,302,FAO
EGY,Egypt,302,ICAO
EGY,Egypt,302,IFAD
EGY,Egypt,302,ILO
EGY,Egypt,302,IMF
EGY,Egypt,302,IOM
EGY,Egypt,302,ITU
EGY,Egypt,302,UN
EGY,Egypt,302,UN WOMEN
EGY,Egypt,302,UNAIDS
EGY,Egypt,302,UNDP
EGY,Egypt,302,UNESCO
EGY,Egypt,302,UNFPA
EGY,Egypt,302,UNHCR
EGY,Egypt,302,UNICEF
EGY,Egypt,302,UNIDO
EGY,Egypt,302,UNRWA
EGY,Egypt,302,UNS – DSS
EGY,Egypt,302,UNS - OCHA
EGY,Egypt,302,UNS – Other
EGY,Egypt,302,UNS – RCOs
EGY,Egypt,302,UNS - UN Habitat
EGY,Egypt,302,UNS - UNODC
EGY,Egypt,302,UNS – UNTSO / UNSCO
EGY,Egypt,302,UNV
EGY,Egypt,302,UNWTO
EGY,Egypt,302,WFP
EGY,Egypt,302,WHO
ERI,Eritrea,336,FAO
ERI,Eritrea,336,UN
ERI,Eritrea,336,UNAIDS
ERI,Eritrea,336,UNDP
ERI,Eritrea,336,UNFPA
ERI,Eritrea,336,UNHCR
ERI,Eritrea,336,UNICEF
ERI,Eritrea,336,UNS - OCHA
ERI,Eritrea,336,UNS – RCOs
ERI,Eritrea,336,WFP
ERI,Eritrea,336,WHO
ETH,Ethiopia,338,FAO
ETH,Ethiopia,338,IFAD
ETH,Ethiopia,338,ILO
ETH,Ethiopia,338,IOM
ETH,Ethiopia,338,ITC
ETH,Ethiopia,338,ITU
ETH,Ethiopia,338,UN
ETH,Ethiopia,338,UN WOMEN
ETH,Ethiopia,338,UNAIDS
ETH,Ethiopia,338,UNCDF
ETH,Ethiopia,338,UNDP
ETH,Ethiopia,338,UNESCO
ETH,Ethiopia,338,UNFPA
ETH,Ethiopia,338,UNHCR
ETH,Ethiopia,338,UNICEF
ETH,Ethiopia,338,UNIDO
ETH,Ethiopia,338,UNOPS
ETH,Ethiopia,338,UNS – ECA
ETH,Ethiopia,338,UNS - OCHA
ETH,Ethiopia,338,UNS - OHCHR
ETH,Ethiopia,338,UNS – Other
ETH,Ethiopia,338,UNS - UN Habitat
ETH,Ethiopia,338,UNS - UNCTAD
ETH,Ethiopia,338,UNS - UNEP
ETH,Ethiopia,338,UNS - UNODC
ETH,Ethiopia,338,UNV
ETH,Ethiopia,338,WFP
ETH,Ethiopia,338,WHO
ETH,Ethiopia,338,WMO
FJI,Fiji,339,FAO
FJI,Fiji,339,IFAD
FJI,Fiji,339,ILO
FJI,Fiji,339,IOM
FJI,Fiji,339,UN
FJI,Fiji,339,UN - Recs & OaHs
FJI,Fiji,339,UN WOMEN
FJI,Fiji,339,UNAIDS
FJI,Fiji,339,UNCDF
FJI,Fiji,339,UNDP
FJI,Fiji,339,UNESCO
FJI,Fiji,339,UNFPA
FJI,Fiji,339,UNHCR
FJI,Fiji,339,UNICEF
FJI,Fiji,339,UNIDO
FJI,Fiji,339,UNS – ESCAP
FJI,Fiji,339,UNS - OCHA
FJI,Fiji,339,UNS - OHCHR
FJI,Fiji,339,UNS – Other
FJI,Fiji,339,UNS – RCOs
FJI,Fiji,339,UNS - UN Habitat
FJI,Fiji,339,UNS - UNCTAD
FJI,Fiji,339,UNS - UNEP
FJI,Fiji,339,UNS - UNODC
FJI,Fiji,339,UNV
FJI,Fiji,339,WFP
FJI,Fiji,339,WHO
GAB,Gabon,340,FAO
GAB,Gabon,340,IFAD
GAB,Gabon,340,ILO
GAB,Gabon,340,IMF
GAB,Gabon,340,UN
GAB,Gabon,340,UNAIDS
GAB,Gabon,340,UNDP
GAB,Gabon,340,UNESCO
GAB,Gabon,340,UNFPA
GAB,Gabon,340,UNHCR
GAB,Gabon,340,UNICEF
GAB,Gabon,340,UNIDO
GAB,Gabon,340,UNS – RCOs
GAB,Gabon,340,UNS - UNODC
GAB,Gabon,340,WHO
GAB,Gabon,340,World Bank
GEO,Georgia,342,FAO
GEO,Georgia,342,ILO
GEO,Georgia,342,IOM
GEO,Georgia,342,UN
GEO,Georgia,342,UN - Peace Operations
GEO,Georgia,342,UN - Recs & OaHs
GEO,Georgia,342,UN WOMEN
GEO,Georgia,342,UNDP
GEO,Georgia,342,UNFPA
GEO,Georgia,342,UNHCR
GEO,Georgia,342,UNICEF
GEO,Georgia,342,UNIDO
GEO,Georgia,342,UNOPS
GEO,Georgia,342,UNS - OCHA
GEO,Georgia,342,UNS - OHCHR
GEO,Georgia,342,UNS – RCOs
GEO,Georgia,342,UNS - UNODC
GEO,Georgia,342,WHO
GHA,Ghana,343,FAO
GHA,Ghana,343,IFAD
GHA,Ghana,343,ILO
GHA,Ghana,343,IMO
GHA,Ghana,343,IOM
GHA,Ghana,343,UN
GHA,Ghana,343,UNAIDS
GHA,Ghana,343,UNCDF
GHA,Ghana,343,UNDP
GHA,Ghana,343,UNESCO
GHA,Ghana,343,UNFPA
GHA,Ghana,343,UNHCR
GHA,Ghana,343,UNICEF
GHA,Ghana,343,UNIDO
GHA,Ghana,343,UNOPS
GHA,Ghana,343,UNS – DSS
GHA,Ghana,343,UNS – RCOs
GHA,Ghana,343,UNS - UN Habitat
GHA,Ghana,343,UNS - UNODC
GHA,Ghana,343,UNU
GHA,Ghana,343,WFP
GHA,Ghana,343,WHO
GIN,Guinea,345,FAO
GIN,Guinea,345,IFAD
GIN,Guinea,345,ILO
GIN,Guinea,345,IMF
GIN,Guinea,345,IOM
GIN,Guinea,345,ITC
GIN,Guinea,345,UN
GIN,Guinea,345,UN WOMEN
GIN,Guinea,345,UNAIDS
GIN,Guinea,345,UNCDF
GIN,Guinea,345,UNDP
GIN,Guinea,345,UNESCO
GIN,Guinea,345,UNFPA
GIN,Guinea,345,UNHCR
GIN,Guinea,345,UNICEF
GIN,Guinea,345,UNIDO
GIN,Guinea,345,UNOPS
GIN,Guinea,345,UNS – DSS
GIN,Guinea,345,UNS - OHCHR
GIN,Guinea,345,UNS – RCOs
GIN,Guinea,345,UNS - UN Habitat
GIN,Guinea,345,UNS - UNEP
GIN,Guinea,345,UNS - UNODC
GIN,Guinea,345,WFP
GIN,Guinea,345,WHO
GIN,Guinea,345,World Bank
GMB,Gambia,341,FAO
GMB,Gambia,341,IMF
GMB,Gambia,341,IOM
GMB,Gambia,341,ITC
GMB,Gambia,341,UN
GMB,Gambia,341,UNAIDS
GMB,Gambia,341,UNCDF
GMB,Gambia,341,UNDP
GMB,Gambia,341,UNESCO
GMB,Gambia,341,UNFPA
GMB,Gambia,341,UNICEF
GMB,Gambia,341,UNIDO
GMB,Gambia,341,UNOPS
GMB,Gambia,341,UNS - OHCHR
GMB,Gambia,341,UNS – RCOs
GMB,Gambia,341,UNS - UNCTAD
GMB,Gambia,341,UNS - UNEP
GMB,Gambia,341,UNS - UNODC
GMB,Gambia,341,WFP
GMB,Gambia,341,WHO
GMB,Gambia,341,World Bank
GNB,Guinea-Bissau,401,FAO
GNB,Guinea-Bissau,401,ILO
GNB,Guinea-Bissau,401,IMF
GNB,Guinea-Bissau,401,IMO
GNB,Guinea-Bissau,401,UN
GNB,Guinea-Bissau,401,UN - Peace Operations
GNB,Guinea-Bissau,401,UN WOMEN
GNB,Guinea-Bissau,401,UNAIDS
GNB,Guinea-Bissau,401,UNDP
GNB,Guinea-Bissau,401,UNESCO
GNB,Guinea-Bissau,401,UNFPA
GNB,Guinea-Bissau,401,UNHCR
GNB,Guinea-Bissau,401,UNICEF
GNB,Guinea-Bissau,401,UNIDO
GNB,Guinea-Bissau,401,UNOPS
GNB,Guinea-Bissau,401,UNS - OCHA
GNB,Guinea-Bissau,401,UNS - OHCHR
GNB,Guinea-Bissau,401,UNS – RCOs
GNB,Guinea-Bissau,401,UNS - UN Habitat
GNB,Guinea-Bissau,401,UNS - UNODC
GNB,Guinea-Bissau,401,WFP
GNB,Guinea-Bissau,401,WHO
GNB,Guinea-Bissau,401,World Bank
GNQ,Equatorial Guinea,335,FAO
GNQ,Equatorial Guinea,335,UN
GNQ,Equatorial Guinea,335,UNAIDS
GNQ,Equatorial Guinea,335,UNDP
GNQ,Equatorial Guinea,335,UNFPA
GNQ,Equatorial Guinea,335,UNICEF
GNQ,Equatorial Guinea,335,UNS – RCOs
GNQ,Equatorial Guinea,335,WHO
GTM,Guatemala,344,IFAD
GTM,Guatemala,344,IOM
GTM,Guatemala,344,PAHO
GTM,Guatemala,344,UN
GTM,Guatemala,344,UN WOMEN
GTM,Guatemala,344,UNAIDS
GTM,Guatemala,344,UNDP
GTM,Guatemala,344,UNESCO
GTM,Guatemala,344,UNFPA
GTM,Guatemala,344,UNHCR
GTM,Guatemala,344,UNICEF
GTM,Guatemala,344,UNOPS
GTM,Guatemala,344,UNS – DSS
GTM,Guatemala,344,UNS - OHCHR
GTM,Guatemala,344,UNS – RCOs
GTM,Guatemala,344,UNS - UNODC
GTM,Guatemala,344,WFP
GUY,Guyana,346,FAO
GUY,Guyana,346,IOM
GUY,Guyana,346,PAHO
GUY,Guyana,346,UN
GUY,Guyana,346,UN WOMEN
GUY,Guyana,346,UNAIDS
GUY,Guyana,346,UNDP
GUY,Guyana,346,UNFPA
GUY,Guyana,346,UNHCR
GUY,Guyana,346,UNICEF
GUY,Guyana,346,UNS – RCOs
GUY,Guyana,346,UNS - UNEP
GUY,Guyana,346,WFP
GUY,Guyana,346,World Bank
HND,Honduras,348,FAO
HND,Honduras,348,ILO
HND,Honduras,348,IOM
HND,Honduras,348,ITU
HND,Honduras,348,PAHO
HND,Honduras,348,UN
HND,Honduras,348,UN WOMEN
HND,Honduras,348,UNDP
HND,Honduras,348,UNFPA
HND,Honduras,348,UNHCR
HND,Honduras,348,UNICEF
HND,Honduras,348,UNOPS
HND,Honduras,348,UNS – DSS
HND,Honduras,348,UNS - OHCHR
HND,Honduras,348,UNS – RCOs
HND,Honduras,348,UNS - UNODC
HND,Honduras,348,UNV
HND,Honduras,348,WFP
HTI,Haiti,347,FAO
HTI,Haiti,347,ILO
HTI,Haiti,347,IOM
HTI,Haiti,347,PAHO
HTI,Haiti,347,UN
HTI,Haiti,347,UN WOMEN
HTI,Haiti,347,UNAIDS
HTI,Haiti,347,UNDP
HTI,Haiti,347,UNESCO
HTI,Haiti,347,UNFPA
HTI,Haiti,347,UNICEF
HTI,Haiti,347,UNOPS
HTI,Haiti,347,UNS – DSS
HTI,Haiti,347,UNS - OCHA
HTI,Haiti,347,UNS – RCOs
HTI,Haiti,347,UNS - UNEP
HTI,Haiti,347,WFP
HTI,Haiti,347,WHO
IDN,Indonesia,403,FAO
IDN,Indonesia,403,IFAD
IDN,Indonesia,403,ILO
IDN,Indonesia,403,IOM
IDN,Indonesia,403,ITU
IDN,Indonesia,403,UN
IDN,Indonesia,403,UN WOMEN
IDN,Indonesia,403,UNAIDS
IDN,Indonesia,403,UNDP
IDN,Indonesia,403,UNESCO
IDN,Indonesia,403,UNFPA
IDN,Indonesia,403,UNHCR
IDN,Indonesia,403,UNICEF
IDN,Indonesia,403,UNIDO
IDN,Indonesia,403,UNOPS
IDN,Indonesia,403,UNS – DGC
IDN,Indonesia,403,UNS – DSS
IDN,Indonesia,403,UNS - OCHA
IDN,Indonesia,403,UNS – RCOs
IDN,Indonesia,403,UNS - UNEP
IDN,Indonesia,403,UNS - UNODC
IDN,Indonesia,403,WFP
IDN,Indonesia,403,WHO
IND,India,402,FAO
IND,India,402,IFAD
IND,India,402,ILO
IND,India,402,IMF
IND,India,402,IOM
IND,India,402,UN
IND,India,402,UN - Peace Operations
IND,India,402,UN - Recs & OaHs
IND,India,402,UN WOMEN
IND,India,402,UNAIDS
IND,India,402,UNDP
IND,India,402,UNESCO
IND,India,402,UNFPA
IND,India,402,UNHCR
IND,India,402,UNICEF
IND,India,402,UNIDO
IND,India,402,UNOPS
IND,India,402,UNS – DGC
IND,India,402,UNS – DSS
IND,India,402,UNS – ESCAP
IND,India,402,UNS – OICT
IND,India,402,UNS – RCOs
IND,India,402,UNS - UN Habitat
IND,India,402,UNS - UNEP
IND,India,402,UNS - UNODC
IND,India,402,UNV
IND,India,402,WFP
IND,India,402,WHO
IND,India,402,World Bank
IRN,Iran,404,FAO
IRN,Iran,404,IOM
IRN,Iran,404,UN
IRN,Iran,404,UNAIDS
IRN,Iran,404,UNDP
IRN,Iran,404,UNESCO
IRN,Iran,404,UNFPA
IRN,Iran,404,UNHCR
IRN,Iran,404,UNICEF
IRN,Iran,404,UNIDO
IRN,Iran,404,UNS – DSS
IRN,Iran,404,UNS – ESCAP
IRN,Iran,404,UNS - OCHA
IRN,Iran,404,UNS – Other
IRN,Iran,404,UNS – RCOs
IRN,Iran,404,UNS - UN Habitat
IRN,Iran,404,UNS – UNAMA
IRN,Iran,404,UNS – UNAMI
IRN,Iran,404,UNS - UNODC
IRN,Iran,404,WFP
IRN,Iran,404,WHO
IRQ,Iraq,349,FAO
IRQ,Iraq,349,ILO
IRQ,Iraq,349,IOM
IRQ,Iraq,349,ITC
IRQ,Iraq,349,UN
IRQ,Iraq,349,UN - Peace Operations
IRQ,Iraq,349,UN - Recs & OaHs
IRQ,Iraq,349,UN WOMEN
IRQ,Iraq,349,UNDP
IRQ,Iraq,349,UNESCO
IRQ,Iraq,349,UNFPA
IRQ,Iraq,349,UNHCR
IRQ,Iraq,349,UNICEF
IRQ,Iraq,349,UNIDO
IRQ,Iraq,349,UNOPS
IRQ,Iraq,349,UNS - OCHA
IRQ,Iraq,349,UNS - OHCHR
IRQ,Iraq,349,UNS - UN Habitat
IRQ,Iraq,349,UNS - UNEP
IRQ,Iraq,349,UNS - UNODC
IRQ,Iraq,349,UNV
IRQ,Iraq,349,WFP
IRQ,Iraq,349,WHO
JAM,Jamaica,350,FAO
JAM,Jamaica,350,IOM
JAM,Jamaica,350,ISA
JAM,Jamaica,350,UN
JAM,Jamaica,350,UN WOMEN
JAM,Jamaica,350,UNAIDS
JAM,Jamaica,350,UNDP
JAM,Jamaica,350,UNESCO
JAM,Jamaica,350,UNFPA
JAM,Jamaica,350,UNICEF
JAM,Jamaica,350,UNS – DSS
JAM,Jamaica,350,UNS – RCOs
JAM,Jamaica,350,UNS - UNEP
JAM,Jamaica,350,WFP
JOR,Jordan,351,FAO
JOR,Jordan,351,ILO
JOR,Jordan,351,IOM
JOR,Jordan,351,UN
JOR,Jordan,351,UN WOMEN
JOR,Jordan,351,UNDP
JOR,Jordan,351,UNESCO
JOR,Jordan,351,UNFPA
JOR,Jordan,351,UNHCR
JOR,Jordan,351,UNICEF
JOR,Jordan,351,UNIDO
JOR,Jordan,351,UNOPS
JOR,Jordan,351,UNRWA
JOR,Jordan,351,UNS - OCHA
JOR,Jordan,351,UNS – RCOs
JOR,Jordan,351,UNS - UN Habitat
JOR,Jordan,351,UNS - UNODC
JOR,Jordan,351,WFP
JOR,Jordan,351,WHO
KAZ,Kazakhstan,417,FAO
KAZ,Kazakhstan,417,ILO
KAZ,Kazakhstan,417,IOM
KAZ,Kazakhstan,417,UN
KAZ,Kazakhstan,417,UN WOMEN
KAZ,Kazakhstan,417,UNAIDS
KAZ,Kazakhstan,417,UNDP
KAZ,Kazakhstan,417,UNESCO
KAZ,Kazakhstan,417,UNFPA
KAZ,Kazakhstan,417,UNHCR
KAZ,Kazakhstan,417,UNICEF
KAZ,Kazakhstan,417,UNS – DGC
KAZ,Kazakhstan,417,UNS – DSS
KAZ,Kazakhstan,417,UNS – ESCAP
KAZ,Kazakhstan,417,UNS - OHCHR
KAZ,Kazakhstan,417,UNS – RCOs
KAZ,Kazakhstan,417,UNS - UNEP
KAZ,Kazakhstan,417,UNS - UNODC
KAZ,Kazakhstan,417,UNS – UNRCCA
KAZ,Kazakhstan,417,UNV
KAZ,Kazakhstan,417,WHO
KEN,Kenya,418,FAO
KEN,Kenya,418,ICAO
KEN,Kenya,418,IFAD
KEN,Kenya,418,ILO
KEN,Kenya,418,IMO
KEN,Kenya,418,IOM
KEN,Kenya,418,UN
KEN,Kenya,418,UN WOMEN
KEN,Kenya,418,UNAIDS
KEN,Kenya,418,UNDP
KEN,Kenya,418,UNESCO
KEN,Kenya,418,UNFPA
KEN,Kenya,418,UNHCR
KEN,Kenya,418,UNICEF
KEN,Kenya,418,UNIDO
KEN,Kenya,418,UNOPS
KEN,Kenya,418,UNS - OCHA
KEN,Kenya,418,UNS – Other
KEN,Kenya,418,UNS – RCOs
KEN,Kenya,418,UNS - UN Habitat
KEN,Kenya,418,UNS - UNEP
KEN,Kenya,418,UNS - UNODC
KEN,Kenya,418,UNS – UNON
KEN,Kenya,418,UNS – UNSOS
KEN,Kenya,418,WFP
KEN,Kenya,418,WHO
KEN,Kenya,418,WMO
KGZ,Kyrgyzstan,353,FAO
KGZ,Kyrgyzstan,353,IOM
KGZ,Kyrgyzstan,353,UN
KGZ,Kyrgyzstan,353,UN WOMEN
KGZ,Kyrgyzstan,353,UNAIDS
KGZ,Kyrgyzstan,353,UNDP
KGZ,Kyrgyzstan,353,UNFPA
KGZ,Kyrgyzstan,353,UNHCR
KGZ,Kyrgyzstan,353,UNICEF
KGZ,Kyrgyzstan,353,UNIDO
KGZ,Kyrgyzstan,353,UNS - OHCHR
KGZ,Kyrgyzstan,353,UNS – RCOs
KGZ,Kyrgyzstan,353,UNS - UNODC
KGZ,Kyrgyzstan,353,WFP
KGZ,Kyrgyzstan,353,WHO
KHM,Cambodia,320,FAO
KHM,Cambodia,320,IAEA
KHM,Cambodia,320,IFAD
KHM,Cambodia,320,ILO
KHM,Cambodia,320,IMF
KHM,Cambodia,320,IOM
KHM,Cambodia,320,ITC
KHM,Cambodia,320,UN
KHM,Cambodia,320,UN WOMEN
KHM,Cambodia,320,UNAIDS
KHM,Cambodia,320,UNCDF
KHM,Cambodia,320,UNDP
KHM,Cambodia,320,UNESCO
KHM,Cambodia,320,UNFPA
KHM,Cambodia,320,UNHCR
KHM,Cambodia,320,UNICEF
KHM,Cambodia,320,UNIDO
KHM,Cambodia,320,UNOPS
KHM,Cambodia,320,UNS - OHCHR
KHM,Cambodia,320,UNS - UN Habitat
KHM,Cambodia,320,UNS - UNEP
KHM,Cambodia,320,UNS - UNODC
KHM,Cambodia,320,UNV
KHM,Cambodia,320,WFP
KHM,Cambodia,320,WHO
KHM,Cambodia,320,World Bank
KOS,Kosovo,405,FAO
KOS,Kosovo,405,ILO
KOS,Kosovo,405,IOM
KOS,Kosovo,405,UN
KOS,Kosovo,405,UN WOMEN
KOS,Kosovo,405,UNDP
KOS,Kosovo,405,UNFPA
KOS,Kosovo,405,UNHCR
KOS,Kosovo,405,UNICEF
KOS,Kosovo,405,UNOPS
KOS,Kosovo,405,UNS – DSS
KOS,Kosovo,405,UNS – RCOs
KOS,Kosovo,405,UNS - UN Habitat
KOS,Kosovo,405,WHO
KWT,Kuwait,352,ILO
KWT,Kuwait,352,IOM
KWT,Kuwait,352,UN
KWT,Kuwait,352,UNDP
KWT,Kuwait,352,UNHCR
KWT,Kuwait,352,UNICEF
KWT,Kuwait,352,UNS – DSS
KWT,Kuwait,352,UNS - OCHA
KWT,Kuwait,352,UNS – RCOs
KWT,Kuwait,352,UNS - UN Habitat
KWT,Kuwait,352,WFP
KWT,Kuwait,352,WHO
LAO,Lao PDR,406,FAO
LAO,Lao PDR,406,IFAD
LAO,Lao PDR,406,ILO
LAO,Lao PDR,406,IMF
LAO,Lao PDR,406,IOM
LAO,Lao PDR,406,ITC
LAO,Lao PDR,406,UN
LAO,Lao PDR,406,UNAIDS
LAO,Lao PDR,406,UNCDF
LAO,Lao PDR,406,UNDP
LAO,Lao PDR,406,UNESCO
LAO,Lao PDR,406,UNFPA
LAO,Lao PDR,406,UNICEF
LAO,Lao PDR,406,UNIDO
LAO,Lao PDR,406,UNOPS
LAO,Lao PDR,406,UNS – RCOs
LAO,Lao PDR,406,UNS - UN Habitat
LAO,Lao PDR,406,UNS - UNODC
LAO,Lao PDR,406,UNV
LAO,Lao PDR,406,WFP
LAO,Lao PDR,406,WHO
LBN,Lebanon,354,FAO
LBN,Lebanon,354,ILO
LBN,Lebanon,354,IMF
LBN,Lebanon,354,IOM
LBN,Lebanon,354,UN
LBN,Lebanon,354,UN - Peace Operations
LBN,Lebanon,354,UN - Recs & OaHs
LBN,Lebanon,354,UN WOMEN
LBN,Lebanon,354,UNDP
LBN,Lebanon,354,UNESCO
LBN,Lebanon,354,UNFPA
LBN,Lebanon,354,UNHCR
LBN,Lebanon,354,UNICEF
LBN,Lebanon,354,UNIDO
LBN,Lebanon,354,UNOPS
LBN,Lebanon,354,UNRWA
LBN,Lebanon,354,UNS – ESCWA
LBN,Lebanon,354,UNS - OCHA
LBN,Lebanon,354,UNS - OHCHR
LBN,Lebanon,354,UNS – RCOs
LBN,Lebanon,354,UNS - UN Habitat
LBN,Lebanon,354,UNS - UNEP
LBN,Lebanon,354,UNS - UNODC
LBN,Lebanon,354,UNS – UNSCOL
LBN,Lebanon,354,UNS – UNTSO / UNSCO
LBN,Lebanon,354,UNV
LBN,Lebanon,354,WFP
LBN,Lebanon,354,WHO
LBN,Lebanon,354,World Bank
LBR,Liberia,407,FAO
LBR,Liberia,407,ILO
LBR,Liberia,407,IMF
LBR,Liberia,407,IOM
LBR,Liberia,407,UN
LBR,Liberia,407,UN WOMEN
LBR,Liberia,407,UNAIDS
LBR,Liberia,407,UNDP
LBR,Liberia,407,UNESCO
LBR,Liberia,407,UNFPA
LBR,Liberia,407,UNHCR
LBR,Liberia,407,UNICEF
LBR,Liberia,407,UNIDO
LBR,Liberia,407,UNOPS
LBR,Liberia,407,UNS – DSS
LBR,Liberia,407,UNS - OHCHR
LBR,Liberia,407,UNS – RCOs
LBR,Liberia,407,UNS - UNODC
LBR,Liberia,407,UNV
LBR,Liberia,407,WFP
LBR,Liberia,407,WHO
LBR,Liberia,407,World Bank
LBY,Libya,408,IOM
LBY,Libya,408,UN
LBY,Libya,408,UN WOMEN
LBY,Libya,408,UNDP
LBY,Libya,408,UNFPA
LBY,Libya,408,UNHCR
LBY,Libya,408,UNICEF
LBY,Libya,408,UNOPS
LBY,Libya,408,UNS – DSS
LBY,Libya,408,UNS - OCHA
LBY,Libya,408,UNS - OHCHR
LBY,Libya,408,UNS – RCOs
LBY,Libya,408,UNS - UNODC
LBY,Libya,408,UNS – UNSMIL
LBY,Libya,408,WFP
LBY,Libya,408,WHO
LKA,Sri Lanka,412,FAO
LKA,Sri Lanka,412,ILO
LKA,Sri Lanka,412,IOM
LKA,Sri Lanka,412,UN
LKA,Sri Lanka,412,UN WOMEN
LKA,Sri Lanka,412,UNDP
LKA,Sri Lanka,412,UNFPA
LKA,Sri Lanka,412,UNHCR
LKA,Sri Lanka,412,UNICEF
LKA,Sri Lanka,412,UNIDO
LKA,Sri Lanka,412,UNOPS
LKA,Sri Lanka,412,UNS – DSS
LKA,Sri Lanka,412,UNS - OHCHR
LKA,Sri Lanka,412,UNS – RCOs
LKA,Sri Lanka,412,UNS - UN Habitat
LKA,Sri Lanka,412,UNS - UNODC
LKA,Sri Lanka,412,UNV
LKA,Sri Lanka,412,WFP
LKA,Sri Lanka,412,WHO
LSO,Lesotho,355,FAO
LSO,Lesotho,355,IOM
LSO,Lesotho,355,UN
LSO,Lesotho,355,UNAIDS
LSO,Lesotho,355,UNDP
LSO,Lesotho,355,UNFPA
LSO,Lesotho,355,UNICEF
LSO,Lesotho,355,UNS – DSS
LSO,Lesotho,355,UNS – RCOs
LSO,Lesotho,355,WFP
LSO,Lesotho,355,WHO
LSO,Lesotho,355,World Bank
MAR,Morocco,420,FAO
MAR,Morocco,420,IFAD
MAR,Morocco,420,IOM
MAR,Morocco,420,UN
MAR,Morocco,420,UN WOMEN
MAR,Morocco,420,UNAIDS
MAR,Morocco,420,UNDP
MAR,Morocco,420,UNESCO
MAR,Morocco,420,UNFPA
MAR,Morocco,420,UNHCR
MAR,Morocco,420,UNICEF
MAR,Morocco,420,UNOPS
MAR,Morocco,420,UNS – ECA
MAR,Morocco,420,UNS – RCOs
MAR,Morocco,420,UNS - UN Habitat
MAR,Morocco,420,WFP
MAR,Morocco,420,WHO
MDA,Moldova,376,FAO
MDA,Moldova,376,ILO
MDA,Moldova,376,IOM
MDA,Moldova,376,UN
MDA,Moldova,376,UN WOMEN
MDA,Moldova,376,UNAIDS
MDA,Moldova,376,UNDP
MDA,Moldova,376,UNFPA
MDA,Moldova,376,UNHCR
MDA,Moldova,376,UNICEF
MDA,Moldova,376,UNS - OHCHR
MDA,Moldova,376,UNS - UNODC
MDA,Moldova,376,WFP
MDA,Moldova,376,WHO
MDG,Madagascar,356,FAO
MDG,Madagascar,356,ILO
MDG,Madagascar,356,IOM
MDG,Madagascar,356,UN
MDG,Madagascar,356,UNAIDS
MDG,Madagascar,356,UNCDF
MDG,Madagascar,356,UNDP
MDG,Madagascar,356,UNESCO
MDG,Madagascar,356,UNFPA
MDG,Madagascar,356,UNICEF
MDG,Madagascar,356,UNIDO
MDG,Madagascar,356,UNS - OCHA
MDG,Madagascar,356,UNS - OHCHR
MDG,Madagascar,356,UNS – RCOs
MDG,Madagascar,356,WFP
MDG,Madagascar,356,WHO
MDV,Maldives,358,FAO
MDV,Maldives,358,IFAD
MDV,Maldives,358,ILO
MDV,Maldives,358,IOM
MDV,Maldives,358,UN
MDV,Maldives,358,UNDP
MDV,Maldives,358,UNESCO
MDV,Maldives,358,UNFPA
MDV,Maldives,358,UNHCR
MDV,Maldives,358,UNICEF
MDV,Maldives,358,UNIDO
MDV,Maldives,358,UNOPS
MDV,Maldives,358,UNS – ESCAP
MDV,Maldives,358,UNS – RCOs
MDV,Maldives,358,UNS - UNEP
MDV,Maldives,358,UNS - UNODC
MDV,Maldives,358,WHO
MDV,Maldives,358,World Bank
MEX,Mexico,362,FAO
MEX,Mexico,362,ICAO
MEX,Mexico,362,ILO
MEX,Mexico,362,IOM
MEX,Mexico,362,PAHO
MEX,Mexico,362,UN
MEX,Mexico,362,UN WOMEN
MEX,Mexico,362,UNDP
MEX,Mexico,362,UNESCO
MEX,Mexico,362,UNFPA
MEX,Mexico,362,UNHCR
MEX,Mexico,362,UNICEF
MEX,Mexico,362,UNIDO
MEX,Mexico,362,UNOPS
MEX,Mexico,362,UNS – DGC
MEX,Mexico,362,UNS – ECLAC
MEX,Mexico,362,UNS - OCHA
MEX,Mexico,362,UNS - OHCHR
MEX,Mexico,362,UNS – RCOs
MEX,Mexico,362,UNS - UN Habitat
MEX,Mexico,362,UNS - UNEP
MEX,Mexico,362,UNS - UNODC
MKD,North Macedonia,370,FAO
MKD,North Macedonia,370,ILO
MKD,North Macedonia,370,IOM
MKD,North Macedonia,370,UN
MKD,North Macedonia,370,UN WOMEN
MKD,North Macedonia,370,UNDP
MKD,North Macedonia,370,UNFPA
MKD,North Macedonia,370,UNHCR
MKD,North Macedonia,370,UNICEF
MKD,North Macedonia,370,UNOPS
MKD,North Macedonia,370,UNS - OHCHR
MKD,North Macedonia,370,UNS – RCOs
MKD,North Macedonia,370,UNS - UNODC
MKD,North Macedonia,370,WHO
MLI,Mali,359,FAO
MLI,Mali,359,IFAD
MLI,Mali,359,ILO
MLI,Mali,359,IMF
MLI,Mali,359,IOM
MLI,Mali,359,UN
MLI,Mali,359,UN WOMEN
MLI,Mali,359,UNAIDS
MLI,Mali,359,UNCDF
MLI,Mali,359,UNDP
MLI,Mali,359,UNESCO
MLI,Mali,359,UNFPA
MLI,Mali,359,UNHCR
MLI,Mali,359,UNICEF
MLI,Mali,359,UNIDO
MLI,Mali,359,UNOPS
MLI,Mali,359,UNS - OCHA
MLI,Mali,359,UNS - OHCHR
MLI,Mali,359,UNS – RCOs
MLI,Mali,359,UNS - UNODC
MLI,Mali,359,UNV
MLI,Mali,359,WFP
MLI,Mali,359,WHO
MLI,Mali,359,World Bank
MMR,Myanmar,366,FAO
MMR,Myanmar,366,ILO
MMR,Myanmar,366,IOM
MMR,Myanmar,366,UN
MMR,Myanmar,366,UN WOMEN
MMR,Myanmar,366,UNAIDS
MMR,Myanmar,366,UNDP
MMR,Myanmar,366,UNESCO
MMR,Myanmar,366,UNFPA
MMR,Myanmar,366,UNHCR
MMR,Myanmar,366,UNICEF
MMR,Myanmar,366,UNOPS
MMR,Myanmar,366,UNS – DSS
MMR,Myanmar,366,UNS - OCHA
MMR,Myanmar,366,UNS – RCOs
MMR,Myanmar,366,UNS - UN Habitat
MMR,Myanmar,366,UNS - UNODC
MMR,Myanmar,366,WFP
MMR,Myanmar,366,WHO
MNE,Montenegro,364,ILO
MNE,Montenegro,364,IOM
MNE,Montenegro,364,UN
MNE,Montenegro,364,UNDP
MNE,Montenegro,364,UNHCR
MNE,Montenegro,364,UNICEF
MNE,Montenegro,364,UNIDO
MNE,Montenegro,364,UNOPS
MNE,Montenegro,364,UNS – RCOs
MNE,Montenegro,364,UNS - UNEP
MNE,Montenegro,364,WHO
MNG,Mongolia,363,FAO
MNG,Mongolia,363,ILO
MNG,Mongolia,363,IOM
MNG,Mongolia,363,UN
MNG,Mongolia,363,UNDP
MNG,Mongolia,363,UNFPA
MNG,Mongolia,363,UNHCR
MNG,Mongolia,363,UNICEF
MNG,Mongolia,363,UNS – DSS
MNG,Mongolia,363,UNS – RCOs
MNG,Mongolia,363,UNS - UN Habitat
MNG,Mongolia,363,WHO
MOZ,Mozambique,365,FAO
MOZ,Mozambique,365,IFAD
MOZ,Mozambique,365,ILO
MOZ,Mozambique,365,IOM
MOZ,Mozambique,365,ITC
MOZ,Mozambique,365,UN
MOZ,Mozambique,365,UN WOMEN
MOZ,Mozambique,365,UNAIDS
MOZ,Mozambique,365,UNCDF
MOZ,Mozambique,365,UNDP
MOZ,Mozambique,365,UNESCO
MOZ,Mozambique,365,UNFPA
MOZ,Mozambique,365,UNHCR
MOZ,Mozambique,365,UNICEF
MOZ,Mozambique,365,UNIDO
MOZ,Mozambique,365,UNOPS
MOZ,Mozambique,365,UNS – DSS
MOZ,Mozambique,365,UNS – ECA
MOZ,Mozambique,365,UNS - OCHA
MOZ,Mozambique,365,UNS - OHCHR
MOZ,Mozambique,365,UNS – RCOs
MOZ,Mozambique,365,UNS - UN Habitat
MOZ,Mozambique,365,UNS - UNCTAD
MOZ,Mozambique,365,UNS - UNEP
MOZ,Mozambique,365,UNS - UNODC
MOZ,Mozambique,365,UNV
MOZ,Mozambique,365,WFP
MOZ,Mozambique,365,WHO
MOZ,Mozambique,365,WMO
MOZ,Mozambique,365,World Bank
MRT,Mauritania,360,FAO
MRT,Mauritania,360,ILO
MRT,Mauritania,360,IMF
MRT,Mauritania,360,IOM
MRT,Mauritania,360,UN
MRT,Mauritania,360,UN - Peace Operations
MRT,Mauritania,360,UNAIDS
MRT,Mauritania,360,UNDP
MRT,Mauritania,360,UNESCO
MRT,Mauritania,360,UNFPA
MRT,Mauritania,360,UNHCR
MRT,Mauritania,360,UNICEF
MRT,Mauritania,360,UNS – DSS
MRT,Mauritania,360,UNS - OHCHR
MRT,Mauritania,360,UNS – RCOs
MRT,Mauritania,360,UNS - UNODC
MRT,Mauritania,360,UNS – UNOWAS
MRT,Mauritania,360,WFP
MRT,Mauritania,360,WHO
MRT,Mauritania,360,World Bank
MUS,Mauritius,361,FAO
MUS,Mauritius,361,IAEA
MUS,Mauritius,361,IFAD
MUS,Mauritius,361,ILO
MUS,Mauritius,361,IOM
MUS,Mauritius,361,UN
MUS,Mauritius,361,UN WOMEN
MUS,Mauritius,361,UNAIDS
MUS,Mauritius,361,UNDP
MUS,Mauritius,361,UNESCO
MUS,Mauritius,361,UNFPA
MUS,Mauritius,361,UNHCR
MUS,Mauritius,361,UNIDO
MUS,Mauritius,361,UNS – ECA
MUS,Mauritius,361,UNS - OHCHR
MUS,Mauritius,361,UNS – RCOs
MUS,Mauritius,361,UNS - UNEP
MUS,Mauritius,361,UNS - UNODC
MUS,Mauritius,361,UNWTO
MUS,Mauritius,361,WHO
MWI,Malawi,419,FAO
MWI,Malawi,419,IFAD
MWI,Malawi,419,ILO
MWI,Malawi,419,IOM
MWI,Malawi,419,UN
MWI,Malawi,419,UN WOMEN
MWI,Malawi,419,UNAIDS
MWI,Malawi,419,UNDP
MWI,Malawi,419,UNFPA
MWI,Malawi,419,UNHCR
MWI,Malawi,419,UNICEF
MWI,Malawi,419,UNS – DSS
MWI,Malawi,419,UNS – RCOs
MWI,Malawi,419,WFP
MWI,Malawi,419,WHO
MYS,Malaysia,357,ILO
MYS,Malaysia,357,IOM
MYS,Malaysia,357,UN
MYS,Malaysia,357,UNDP
MYS,Malaysia,357,UNFPA
MYS,Malaysia,357,UNHCR
MYS,Malaysia,357,UNICEF
MYS,Malaysia,357,UNS – RCOs
MYS,Malaysia,357,UNS - UNCTAD
MYS,Malaysia,357,UNS - UNODC
MYS,Malaysia,357,UNU
MYS,Malaysia,357,WFP
MYS,Malaysia,357,WHO
NAM,Namibia,409,FAO
NAM,Namibia,409,IOM
NAM,Namibia,409,UN
NAM,Namibia,409,UNAIDS
NAM,Namibia,409,UNDP
NAM,Namibia,409,UNESCO
NAM,Namibia,409,UNFPA
NAM,Namibia,409,UNHCR
NAM,Namibia,409,UNICEF
NAM,Namibia,409,UNS – DSS
NAM,Namibia,409,UNS – Other
NAM,Namibia,409,UNS – RCOs
NAM,Namibia,409,UNS - UNODC
NAM,Namibia,409,WFP
NAM,Namibia,409,WHO
NER,Niger,368,FAO
NER,Niger,368,IFAD
NER,Niger,368,ILO
NER,Niger,368,IMF
NER,Niger,368,IOM
NER,Niger,368,UN
NER,Niger,368,UN WOMEN
NER,Niger,368,UNAIDS
NER,Niger,368,UNCDF
NER,Niger,368,UNDP
NER,Niger,368,UNESCO
NER,Niger,368,UNFPA
NER,Niger,368,UNHCR
NER,Niger,368,UNICEF
NER,Niger,368,UNOPS
NER,Niger,368,UNS – DSS
NER,Niger,368,UNS – ECA
NER,Niger,368,UNS - OCHA
NER,Niger,368,UNS - OHCHR
NER,Niger,368,UNS – RCOs
NER,Niger,368,UNS - UN Habitat
NER,Niger,368,UNS - UNEP
NER,Niger,368,UNS - UNODC
NER,Niger,368,UNV
NER,Niger,368,WFP
NER,Niger,368,WHO
NER,Niger,368,World Bank
NGA,Nigeria,369,FAO
NGA,Nigeria,369,IFAD
NGA,Nigeria,369,ILO
NGA,Nigeria,369,IOM
NGA,Nigeria,369,UN
NGA,Nigeria,369,UN WOMEN
NGA,Nigeria,369,UNAIDS
NGA,Nigeria,369,UNDP
NGA,Nigeria,369,UNESCO
NGA,Nigeria,369,UNFPA
NGA,Nigeria,369,UNHCR
NGA,Nigeria,369,UNICEF
NGA,Nigeria,369,UNIDO
NGA,Nigeria,369,UNOPS
NGA,Nigeria,369,UNS – DSS
NGA,Nigeria,369,UNS - OCHA
NGA,Nigeria,369,UNS – RCOs
NGA,Nigeria,369,UNS - UN Habitat
NGA,Nigeria,369,UNS - UNODC
NGA,Nigeria,369,WFP
NGA,Nigeria,369,WHO
NGA,Nigeria,369,WMO
NIC,Nicaragua,425,FAO
NIC,Nicaragua,425,IAEA
NIC,Nicaragua,425,IFAD
NIC,Nicaragua,425,ILO
NIC,Nicaragua,425,IOM
NIC,Nicaragua,425,PAHO
NIC,Nicaragua,425,UN
NIC,Nicaragua,425,UNDP
NIC,Nicaragua,425,UNESCO
NIC,Nicaragua,425,UNFPA
NIC,Nicaragua,425,UNICEF
NIC,Nicaragua,425,UNIDO
NIC,Nicaragua,425,UNOPS
NIC,Nicaragua,425,UNS – DCO
NIC,Nicaragua,425,UNS – DSS
NIC,Nicaragua,425,WFP
NIC,Nicaragua,425,World Bank
NPL,Nepal,367,FAO
NPL,Nepal,367,ILO
NPL,Nepal,367,IOM
NPL,Nepal,367,UN
NPL,Nepal,367,UN WOMEN
NPL,Nepal,367,UNAIDS
NPL,Nepal,367,UNDP
NPL,Nepal,367,UNESCO
NPL,Nepal,367,UNFPA
NPL,Nepal,367,UNHCR
NPL,Nepal,367,UNICEF
NPL,Nepal,367,UNOPS
NPL,Nepal,367,UNS – DSS
NPL,Nepal,367,UNS – RCOs
NPL,Nepal,367,UNS - UN Habitat
NPL,Nepal,367,UNS - UNCTAD
NPL,Nepal,367,UNS - UNODC
NPL,Nepal,367,UNV
NPL,Nepal,367,WFP
NPL,Nepal,367,WHO
PAK,Pakistan,371,FAO
PAK,Pakistan,371,IFAD
PAK,Pakistan,371,ILO
PAK,Pakistan,371,IOM
PAK,Pakistan,371,ITC
PAK,Pakistan,371,UN
PAK,Pakistan,371,UN - Peace Operations
PAK,Pakistan,371,UN WOMEN
PAK,Pakistan,371,UNAIDS
PAK,Pakistan,371,UNDP
PAK,Pakistan,371,UNESCO
PAK,Pakistan,371,UNFPA
PAK,Pakistan,371,UNHCR
PAK,Pakistan,371,UNICEF
PAK,Pakistan,371,UNIDO
PAK,Pakistan,371,UNOPS
PAK,Pakistan,371,UNS – DGC
PAK,Pakistan,371,UNS – DSS
PAK,Pakistan,371,UNS - OCHA
PAK,Pakistan,371,UNS – RCOs
PAK,Pakistan,371,UNS - UN Habitat
PAK,Pakistan,371,UNS – UNMOGIP
PAK,Pakistan,371,UNS - UNODC
PAK,Pakistan,371,UNV
PAK,Pakistan,371,WFP
PAK,Pakistan,371,WHO
PAN,Panama,372,FAO
PAN,Panama,372,IFAD
PAN,Panama,372,ILO
PAN,Panama,372,IOM
PAN,Panama,372,PAHO
PAN,Panama,372,UN
PAN,Panama,372,UN WOMEN
PAN,Panama,372,UNAIDS
PAN,Panama,372,UNDP
PAN,Panama,372,UNESCO
PAN,Panama,372,UNFPA
PAN,Panama,372,UNHCR
PAN,Panama,372,UNICEF
PAN,Panama,372,UNIDO
PAN,Panama,372,UNOPS
PAN,Panama,372,UNS – DCO
PAN,Panama,372,UNS – DSS
PAN,Panama,372,UNS – ECLAC
PAN,Panama,372,UNS - OCHA
PAN,Panama,372,UNS - OHCHR
PAN,Panama,372,UNS – Other
PAN,Panama,372,UNS – RCOs
PAN,Panama,372,UNS - UNEP
PAN,Panama,372,UNS - UNODC
PAN,Panama,372,UNV
PAN,Panama,372,WFP
PAN,Panama,372,World Bank
PER,Peru,375,FAO
PER,Peru,375,ICAO
PER,Peru,375,IFAD
PER,Peru,375,ILO
PER,Peru,375,IOM
PER,Peru,375,PAHO
PER,Peru,375,UN
PER,Peru,375,UNAIDS
PER,Peru,375,UNDP
PER,Peru,375,UNESCO
PER,Peru,375,UNFPA
PER,Peru,375,UNHCR
PER,Peru,375,UNICEF
PER,Peru,375,UNOPS
PER,Peru,375,UNS – DGC
PER,Peru,375,UNS – DSS
PER,Peru,375,UNS - OHCHR
PER,Peru,375,UNS – RCOs
PER,Peru,375,UNS – UNODA
PER,Peru,375,UNS - UNODC
PER,Peru,375,WFP
PHL,Philippines,411,FAO
PHL,Philippines,411,IFAD
PHL,Philippines,411,ILO
PHL,Philippines,411,IOM
PHL,Philippines,411,UN
PHL,Philippines,411,UN WOMEN
PHL,Philippines,411,UNAIDS
PHL,Philippines,411,UNDP
PHL,Philippines,411,UNFPA
PHL,Philippines,411,UNHCR
PHL,Philippines,411,UNICEF
PHL,Philippines,411,UNIDO
PHL,Philippines,411,UNOPS
PHL,Philippines,411,UNS – DGC
PHL,Philippines,411,UNS – DSS
PHL,Philippines,411,UNS - OCHA
PHL,Philippines,411,UNS – RCOs
PHL,Philippines,411,UNS - UN Habitat
PHL,Philippines,411,UNS - UNODC
PHL,Philippines,411,WFP
PHL,Philippines,411,WHO
PNG,Papua New Guinea,373,FAO
PNG,Papua New Guinea,373,ILO
PNG,Papua New Guinea,373,IOM
PNG,Papua New Guinea,373,UN
PNG,Papua New Guinea,373,UN WOMEN
PNG,Papua New Guinea,373,UNAIDS
PNG,Papua New Guinea,373,UNCDF
PNG,Papua New Guinea,373,UNDP
PNG,Papua New Guinea,373,UNFPA
PNG,Papua New Guinea,373,UNHCR
PNG,Papua New Guinea,373,UNICEF
PNG,Papua New Guinea,373,UNOPS
PNG,Papua New Guinea,373,UNS - OHCHR
PNG,Papua New Guinea,373,UNS – RCOs
PNG,Papua New Guinea,373,WHO
PRK,"Korea, Democratic People's Republic of",253,FAO
PRK,"Korea, Democratic People's Republic of",253,UN
PRK,"Korea, Democratic People's Republic of",253,UNDP
PRK,"Korea, Democratic People's Republic of",253,UNFPA
PRK,"Korea, Democratic People's Republic of",253,UNICEF
PRK,"Korea, Democratic People's Republic of",253,UNS – RCOs
PRK,"Korea, Democratic People's Republic of",253,WFP
PRK,"Korea, Democratic People's Republic of",253,WHO
PRY,Paraguay,374,FAO
PRY,Paraguay,374,ILO
PRY,Paraguay,374,IMO
PRY,Paraguay,374,IOM
PRY,Paraguay,374,PAHO
PRY,Paraguay,374,UN
PRY,Paraguay,374,UN WOMEN
PRY,Paraguay,374,UNDP
PRY,Paraguay,374,UNFPA
PRY,Paraguay,374,UNICEF
PRY,Paraguay,374,UNIDO
PRY,Paraguay,374,UNOPS
PRY,Paraguay,374,UNS – DSS
PRY,Paraguay,374,UNS - OHCHR
PRY,Paraguay,374,UNS – RCOs
PRY,Paraguay,374,WMO
PSE,Palestine,410,FAO
PSE,Palestine,410,ILO
PSE,Palestine,410,UN
PSE,Palestine,410,UN WOMEN
PSE,Palestine,410,UNDP
PSE,Palestine,410,UNESCO
PSE,Palestine,410,UNFPA
PSE,Palestine,410,UNICEF
PSE,Palestine,410,UNIDO
PSE,Palestine,410,UNOPS
PSE,Palestine,410,UNRWA
PSE,Palestine,410,UNS – DSS
PSE,Palestine,410,UNS - OCHA
PSE,Palestine,410,UNS - OHCHR
PSE,Palestine,410,UNS – RCOs
PSE,Palestine,410,UNS - UN Habitat
PSE,Palestine,410,UNS - UNODC
PSE,Palestine,410,UNS – UNTSO / UNSCO
PSE,Palestine,410,WFP
PSE,Palestine,410,WHO
RWA,Rwanda,152,FAO
RWA,Rwanda,152,IOM
RWA,Rwanda,152,UN
RWA,Rwanda,152,UN WOMEN
RWA,Rwanda,152,UNAIDS
RWA,Rwanda,152,UNDP
RWA,Rwanda,152,UNFPA
RWA,Rwanda,152,UNHCR
RWA,Rwanda,152,UNICEF
RWA,Rwanda,152,UNS – ECA
RWA,Rwanda,152,WFP
RWA,Rwanda,152,WHO
SAU,Saudi Arabia,379,FAO
SAU,Saudi Arabia,379,IMO
SAU,Saudi Arabia,379,IOM
SAU,Saudi Arabia,379,UN
SAU,Saudi Arabia,379,UNDP
SAU,Saudi Arabia,379,UNHCR
SAU,Saudi Arabia,379,UNICEF
SAU,Saudi Arabia,379,UNS – DSS
SAU,Saudi Arabia,379,UNS - OCHA
SAU,Saudi Arabia,379,UNS - OHCHR
SAU,Saudi Arabia,379,UNS – RCOs
SAU,Saudi Arabia,379,UNS - UN Habitat
SAU,Saudi Arabia,379,UNS - UNEP
SAU,Saudi Arabia,379,WFP
SAU,Saudi Arabia,379,WHO
SAU,Saudi Arabia,379,World Bank
SDN,Sudan,385,FAO
SDN,Sudan,385,IFAD
SDN,Sudan,385,ILO
SDN,Sudan,385,IOM
SDN,Sudan,385,UN
SDN,Sudan,385,UN WOMEN
SDN,Sudan,385,UNAIDS
SDN,Sudan,385,UNDP
SDN,Sudan,385,UNESCO
SDN,Sudan,385,UNFPA
SDN,Sudan,385,UNHCR
SDN,Sudan,385,UNICEF
SDN,Sudan,385,UNIDO
SDN,Sudan,385,UNOPS
SDN,Sudan,385,UNS – DSS
SDN,Sudan,385,UNS - OCHA
SDN,Sudan,385,UNS - OHCHR
SDN,Sudan,385,UNS – RCOs
SDN,Sudan,385,UNS - UN Habitat
SDN,Sudan,385,UNS - UNEP
SDN,Sudan,385,UNS – UNISFA
SDN,Sudan,385,UNS – UNITAMS
SDN,Sudan,385,UNS - UNODC
SDN,Sudan,385,UNV
SDN,Sudan,385,WFP
SDN,Sudan,385,WHO
SDN,Sudan,385,World Bank
SEN,Senegal,380,FAO
SEN,Senegal,380,ICAO
SEN,Senegal,380,IFAD
SEN,Senegal,380,ILO
SEN,Senegal,380,IOM
SEN,Senegal,380,ITU
SEN,Senegal,380,UN
SEN,Senegal,380,UN - Peace Operations
SEN,Senegal,380,UN - Recs & OaHs
SEN,Senegal,380,UN WOMEN
SEN,Senegal,380,UNAIDS
SEN,Senegal,380,UNDP
SEN,Senegal,380,UNESCO
SEN,Senegal,380,UNFPA
SEN,Senegal,380,UNHCR
SEN,Senegal,380,UNICEF
SEN,Senegal,380,UNIDO
SEN,Senegal,380,UNOPS
SEN,Senegal,380,UNS – ECA
SEN,Senegal,380,UNS - OCHA
SEN,Senegal,380,UNS - OHCHR
SEN,Senegal,380,UNS – Other
SEN,Senegal,380,UNS – RCOs
SEN,Senegal,380,UNS - UNODC
SEN,Senegal,380,UNS – UNOWAS
SEN,Senegal,380,UNV
SEN,Senegal,380,WFP
SEN,Senegal,380,WHO
SLE,Sierra Leone,382,FAO
SLE,Sierra Leone,382,IFAD
SLE,Sierra Leone,382,ILO
SLE,Sierra Leone,382,IOM
SLE,Sierra Leone,382,UN
SLE,Sierra Leone,382,UN WOMEN
SLE,Sierra Leone,382,UNAIDS
SLE,Sierra Leone,382,UNCDF
SLE,Sierra Leone,382,UNDP
SLE,Sierra Leone,382,UNFPA
SLE,Sierra Leone,382,UNICEF
SLE,Sierra Leone,382,UNIDO
SLE,Sierra Leone,382,UNOPS
SLE,Sierra Leone,382,UNS – RCOs
SLE,Sierra Leone,382,WFP
SLE,Sierra Leone,382,WHO
SLV,El Salvador,334,FAO
SLV,El Salvador,334,IFAD
SLV,El Salvador,334,ILO
SLV,El Salvador,334,IOM
SLV,El Salvador,334,PAHO
SLV,El Salvador,334,UN
SLV,El Salvador,334,UN WOMEN
SLV,El Salvador,334,UNAIDS
SLV,El Salvador,334,UNDP
SLV,El Salvador,334,UNESCO
SLV,El Salvador,334,UNFPA
SLV,El Salvador,334,UNHCR
SLV,El Salvador,334,UNICEF
SLV,El Salvador,334,UNIDO
SLV,El Salvador,334,UNOPS
SLV,El Salvador,334,UNS - OCHA
SLV,El Salvador,334,UNS - OHCHR
SLV,El Salvador,334,UNS – RCOs
SLV,El Salvador,334,UNS - UNODC
SLV,El Salvador,334,WFP
SLV,El Salvador,334,World Bank
SOM,Somalia,383,FAO
SOM,Somalia,383,ILO
SOM,Somalia,383,IOM
SOM,Somalia,383,UN
SOM,Somalia,383,UN - Peace Operations
SOM,Somalia,383,UN WOMEN
SOM,Somalia,383,UNCDF
SOM,Somalia,383,UNDP
SOM,Somalia,383,UNESCO
SOM,Somalia,383,UNFPA
SOM,Somalia,383,UNHCR
SOM,Somalia,383,UNICEF
SOM,Somalia,383,UNIDO
SOM,Somalia,383,UNOPS
SOM,Somalia,383,UNS – DSS
SOM,Somalia,383,UNS - OCHA
SOM,Somalia,383,UNS - OHCHR
SOM,Somalia,383,UNS – RCOs
SOM,Somalia,383,UNS - UN Habitat
SOM,Somalia,383,UNS - UNODC
SOM,Somalia,383,UNS – UNSOM
SOM,Somalia,383,UNS – UNSOS
SOM,Somalia,383,WFP
SOM,Somalia,383,WHO
SOM,Somalia,383,WIPO
SRB,Serbia,381,FAO
SRB,Serbia,381,IOM
SRB,Serbia,381,UN
SRB,Serbia,381,UN WOMEN
SRB,Serbia,381,UNDP
SRB,Serbia,381,UNFPA
SRB,Serbia,381,UNHCR
SRB,Serbia,381,UNICEF
SRB,Serbia,381,UNOPS
SRB,Serbia,381,UNS - OHCHR
SRB,Serbia,381,UNS – RCOs
SRB,Serbia,381,UNS - UNODC
SRB,Serbia,381,WHO
SSD,South Sudan,421,FAO
SSD,South Sudan,421,IFAD
SSD,South Sudan,421,ILO
SSD,South Sudan,421,IOM
SSD,South Sudan,421,UN
SSD,South Sudan,421,UN WOMEN
SSD,South Sudan,421,UNAIDS
SSD,South Sudan,421,UNDP
SSD,South Sudan,421,UNESCO
SSD,South Sudan,421,UNFPA
SSD,South Sudan,421,UNHCR
SSD,South Sudan,421,UNICEF
SSD,South Sudan,421,UNIDO
SSD,South Sudan,421,UNOPS
SSD,South Sudan,421,UNS – DSS
SSD,South Sudan,421,UNS - OCHA
SSD,South Sudan,421,UNS - OHCHR
SSD,South Sudan,421,UNS – RCOs
SSD,South Sudan,421,UNS - UN Habitat
SSD,South Sudan,421,UNS - UNEP
SSD,South Sudan,421,UNS – UNMISS
SSD,South Sudan,421,UNS - UNODC
SSD,South Sudan,421,WFP
SSD,South Sudan,421,WHO
STP,Sao Tome and Principe,378,FAO
STP,Sao Tome and Principe,378,ILO
STP,Sao Tome and Principe,378,UN
STP,Sao Tome and Principe,378,UNDP
STP,Sao Tome and Principe,378,UNESCO
STP,Sao Tome and Principe,378,UNFPA
STP,Sao Tome and Principe,378,UNICEF
STP,Sao Tome and Principe,378,UNS – RCOs
STP,Sao Tome and Principe,378,UNS - UN Habitat
STP,Sao Tome and Principe,378,WFP
STP,Sao Tome and Principe,378,WHO
SUR,Suriname,386,FAO
SUR,Suriname,386,ILO
SUR,Suriname,386,IOM
SUR,Suriname,386,PAHO
SUR,Suriname,386,UN
SUR,Suriname,386,UN WOMEN
SUR,Suriname,386,UNAIDS
SUR,Suriname,386,UNDP
SUR,Suriname,386,UNFPA
SUR,Suriname,386,UNHCR
SUR,Suriname,386,UNICEF
SUR,Suriname,386,UNS – DSS
SUR,Suriname,386,UNS – RCOs
SUR,Suriname,386,UNS - UNEP
SWZ,Eswatini,337,FAO
SWZ,Eswatini,337,IOM
SWZ,Eswatini,337,UN
SWZ,Eswatini,337,UNAIDS
SWZ,Eswatini,337,UNDP
SWZ,Eswatini,337,UNESCO
SWZ,Eswatini,337,UNFPA
SWZ,Eswatini,337,UNICEF
SWZ,Eswatini,337,UNS – DSS
SWZ,Eswatini,337,UNS – RCOs
SWZ,Eswatini,337,WFP
SWZ,Eswatini,337,WHO
SYR,Syria,217,FAO
SYR,Syria,217,ILO
SYR,Syria,217,UN
SYR,Syria,217,UNDP
SYR,Syria,217,UNFPA
SYR,Syria,217,UNHCR
SYR,Syria,217,UNICEF
SYR,Syria,217,UNOPS
SYR,Syria,217,UNRWA
SYR,Syria,217,UNS – DSS
SYR,Syria,217,UNS - OCHA
SYR,Syria,217,UNS – OSESG  Syria
SYR,Syria,217,UNS – Other
SYR,Syria,217,UNS – RCOs
SYR,Syria,217,UNS - UN Habitat
SYR,Syria,217,WFP
SYR,Syria,217,WHO
TCD,Chad,323,FAO
TCD,Chad,323,ILO
TCD,Chad,323,IMF
TCD,Chad,323,IOM
TCD,Chad,323,UN
TCD,Chad,323,UNAIDS
TCD,Chad,323,UNDP
TCD,Chad,323,UNESCO
TCD,Chad,323,UNFPA
TCD,Chad,323,UNHCR
TCD,Chad,323,UNICEF
TCD,Chad,323,UNOPS
TCD,Chad,323,UNS - OCHA
TCD,Chad,323,UNS - OHCHR
TCD,Chad,323,UNS – RCOs
TCD,Chad,323,UNS - UNODC
TCD,Chad,323,WFP
TCD,Chad,323,WHO
TCD,Chad,323,World Bank
TGO,Togo,422,FAO
TGO,Togo,422,IFAD
TGO,Togo,422,ILO
TGO,Togo,422,IOM
TGO,Togo,422,UN
TGO,Togo,422,UN WOMEN
TGO,Togo,422,UNAIDS
TGO,Togo,422,UNDP
TGO,Togo,422,UNESCO
TGO,Togo,422,UNFPA
TGO,Togo,422,UNHCR
TGO,Togo,422,UNICEF
TGO,Togo,422,UNIDO
TGO,Togo,422,UNS – Other
TGO,Togo,422,UNS – RCOs
TGO,Togo,422,UNS - UNEP
TGO,Togo,422,WFP
TGO,Togo,422,WHO
THA,Thailand,387,FAO
THA,Thailand,387,ICAO
THA,Thailand,387,ILO
THA,Thailand,387,IMF
THA,Thailand,387,IOM
THA,Thailand,387,ITC
THA,Thailand,387,ITU
THA,Thailand,387,UN
THA,Thailand,387,UN - Recs & OaHs
THA,Thailand,387,UN WOMEN
THA,Thailand,387,UNAIDS
THA,Thailand,387,UNDP
THA,Thailand,387,UNESCO
THA,Thailand,387,UNFPA
THA,Thailand,387,UNHCR
THA,Thailand,387,UNICEF
THA,Thailand,387,UNIDO
THA,Thailand,387,UNOPS
THA,Thailand,387,UNS – DCO
THA,Thailand,387,UNS – DSS
THA,Thailand,387,UNS – ESCAP
THA,Thailand,387,UNS - OCHA
THA,Thailand,387,UNS – OCT
THA,Thailand,387,UNS - OHCHR
THA,Thailand,387,UNS – OICT
THA,Thailand,387,UNS – Other
THA,Thailand,387,UNS – RCOs
THA,Thailand,387,UNS - UN Habitat
THA,Thailand,387,UNS - UNEP
THA,Thailand,387,UNS – UNODA
THA,Thailand,387,UNS - UNODC
THA,Thailand,387,UNS – UNOG
THA,Thailand,387,UNV
THA,Thailand,387,UPU
THA,Thailand,387,WFP
THA,Thailand,387,WHO
THA,Thailand,387,World Bank
TJK,Tajikistan,413,FAO
TJK,Tajikistan,413,ILO
TJK,Tajikistan,413,IOM
TJK,Tajikistan,413,ITC
TJK,Tajikistan,413,UN
TJK,Tajikistan,413,UN WOMEN
TJK,Tajikistan,413,UNAIDS
TJK,Tajikistan,413,UNDP
TJK,Tajikistan,413,UNFPA
TJK,Tajikistan,413,UNHCR
TJK,Tajikistan,413,UNICEF
TJK,Tajikistan,413,UNIDO
TJK,Tajikistan,413,UNOPS
TJK,Tajikistan,413,UNS - OCHA
TJK,Tajikistan,413,UNS - OHCHR
TJK,Tajikistan,413,UNS – RCOs
TJK,Tajikistan,413,UNS - UNODC
TJK,Tajikistan,413,WFP
TJK,Tajikistan,413,WHO
TJK,Tajikistan,413,World Bank
TKM,Turkmenistan,391,IOM
TKM,Turkmenistan,391,UN
TKM,Turkmenistan,391,UNDP
TKM,Turkmenistan,391,UNFPA
TKM,Turkmenistan,391,UNICEF
TKM,Turkmenistan,391,UNS - OHCHR
TKM,Turkmenistan,391,UNS - UNODC
TKM,Turkmenistan,391,WHO
TLS,Timor-Leste,388,FAO
TLS,Timor-Leste,388,ILO
TLS,Timor-Leste,388,IOM
TLS,Timor-Leste,388,UN
TLS,Timor-Leste,388,UN WOMEN
TLS,Timor-Leste,388,UNCDF
TLS,Timor-Leste,388,UNDP
TLS,Timor-Leste,388,UNESCO
TLS,Timor-Leste,388,UNFPA
TLS,Timor-Leste,388,UNICEF
TLS,Timor-Leste,388,UNIDO
TLS,Timor-Leste,388,UNOPS
TLS,Timor-Leste,388,UNS – ESCAP
TLS,Timor-Leste,388,UNS - OCHA
TLS,Timor-Leste,388,UNS – RCOs
TLS,Timor-Leste,388,UNS - UNEP
TLS,Timor-Leste,388,UNS - UNODC
TLS,Timor-Leste,388,UNV
TLS,Timor-Leste,388,WFP
TLS,Timor-Leste,388,WHO
TLS,Timor-Leste,388,World Bank
TTO,Trinidad and Tobago,414,FAO
TTO,Trinidad and Tobago,414,ILO
TTO,Trinidad and Tobago,414,IOM
TTO,Trinidad and Tobago,414,PAHO
TTO,Trinidad and Tobago,414,UN
TTO,Trinidad and Tobago,414,UN - Recs & OaHs
TTO,Trinidad and Tobago,414,UN WOMEN
TTO,Trinidad and Tobago,414,UNDP
TTO,Trinidad and Tobago,414,UNFPA
TTO,Trinidad and Tobago,414,UNHCR
TTO,Trinidad and Tobago,414,UNICEF
TTO,Trinidad and Tobago,414,UNS – DGC
TTO,Trinidad and Tobago,414,UNS – ECLAC
TTO,Trinidad and Tobago,414,UNS – RCOs
TUN,Tunisia,389,FAO
TUN,Tunisia,389,ILO
TUN,Tunisia,389,IMF
TUN,Tunisia,389,IOM
TUN,Tunisia,389,UN
TUN,Tunisia,389,UN WOMEN
TUN,Tunisia,389,UNAIDS
TUN,Tunisia,389,UNDP
TUN,Tunisia,389,UNESCO
TUN,Tunisia,389,UNFPA
TUN,Tunisia,389,UNHCR
TUN,Tunisia,389,UNICEF
TUN,Tunisia,389,UNIDO
TUN,Tunisia,389,UNOPS
TUN,Tunisia,389,UNS – DSS
TUN,Tunisia,389,UNS - OHCHR
TUN,Tunisia,389,UNS – RCOs
TUN,Tunisia,389,UNS - UN Habitat
TUN,Tunisia,389,UNS - UNODC
TUN,Tunisia,389,UNV
TUN,Tunisia,389,WFP
TUN,Tunisia,389,WHO
TUN,Tunisia,389,World Bank
TUR,Türkiye,390,FAO
TUR,Türkiye,390,IFAD
TUR,Türkiye,390,ILO
TUR,Türkiye,390,IOM
TUR,Türkiye,390,UN
TUR,Türkiye,390,UN WOMEN
TUR,Türkiye,390,UNDP
TUR,Türkiye,390,UNESCO
TUR,Türkiye,390,UNFPA
TUR,Türkiye,390,UNHCR
TUR,Türkiye,390,UNICEF
TUR,Türkiye,390,UNIDO
TUR,Türkiye,390,UNOPS
TUR,Türkiye,390,UNS – DSS
TUR,Türkiye,390,UNS – ESCAP
TUR,Türkiye,390,UNS - OCHA
TUR,Türkiye,390,UNS – Other
TUR,Türkiye,390,UNS – RCOs
TUR,Türkiye,390,UNS - UN Habitat
TUR,Türkiye,390,UNS - UNEP
TUR,Türkiye,390,UNV
TUR,Türkiye,390,WFP
TUR,Türkiye,390,WHO
TZA,Tanzania,394,FAO
TZA,Tanzania,394,IFAD
TZA,Tanzania,394,ILO
TZA,Tanzania,394,IMF
TZA,Tanzania,394,IOM
TZA,Tanzania,394,UN
TZA,Tanzania,394,UN WOMEN
TZA,Tanzania,394,UNAIDS
TZA,Tanzania,394,UNDP
TZA,Tanzania,394,UNESCO
TZA,Tanzania,394,UNFPA
TZA,Tanzania,394,UNHCR
TZA,Tanzania,394,UNICEF
TZA,Tanzania,394,UNIDO
TZA,Tanzania,394,UNS - OHCHR
TZA,Tanzania,394,UNS – Other
TZA,Tanzania,394,UNS – RCOs
TZA,Tanzania,394,UNS - UN Habitat
TZA,Tanzania,394,UNS - UNCTAD
TZA,Tanzania,394,UNS - UNEP
TZA,Tanzania,394,UNS - UNODC
TZA,Tanzania,394,WFP
TZA,Tanzania,394,WHO
TZA,Tanzania,394,World Bank
UGA,Uganda,392,FAO
UGA,Uganda,392,IAEA
UGA,Uganda,392,IFAD
UGA,Uganda,392,ILO
UGA,Uganda,392,IMF
UGA,Uganda,392,IOM
UGA,Uganda,392,ITC
UGA,Uganda,392,UN
UGA,Uganda,392,UN WOMEN
UGA,Uganda,392,UNAIDS
UGA,Uganda,392,UNCDF
UGA,Uganda,392,UNDP
UGA,Uganda,392,UNESCO
UGA,Uganda,392,UNFPA
UGA,Uganda,392,UNHCR
UGA,Uganda,392,UNICEF
UGA,Uganda,392,UNIDO
UGA,Uganda,392,UNOPS
UGA,Uganda,392,UNS – DOS / RSCE
UGA,Uganda,392,UNS – DSS
UGA,Uganda,392,UNS – MONUSCO
UGA,Uganda,392,UNS - OHCHR
UGA,Uganda,392,UNS – Other
UGA,Uganda,392,UNS – RCOs
UGA,Uganda,392,UNS - UN Habitat
UGA,Uganda,392,UNS - UNEP
UGA,Uganda,392,UNS - UNODC
UGA,Uganda,392,UNV
UGA,Uganda,392,WFP
UGA,Uganda,392,WHO
UGA,Uganda,392,World Bank
UKR,Ukraine,30,IOM
UKR,Ukraine,30,UN
UKR,Ukraine,30,UN WOMEN
UKR,Ukraine,30,UNAIDS
UKR,Ukraine,30,UNDP
UKR,Ukraine,30,UNFPA
UKR,Ukraine,30,UNHCR
UKR,Ukraine,30,UNICEF
UKR,Ukraine,30,UNOPS
UKR,Ukraine,30,UNS - OCHA
UKR,Ukraine,30,UNS - OHCHR
UKR,Ukraine,30,UNS - UNODC
UKR,Ukraine,30,UNV
URY,Uruguay,395,FAO
URY,Uruguay,395,ILO
URY,Uruguay,395,IOM
URY,Uruguay,395,UN
URY,Uruguay,395,UN WOMEN
URY,Uruguay,395,UNAIDS
URY,Uruguay,395,UNDP
URY,Uruguay,395,UNESCO
URY,Uruguay,395,UNFPA
URY,Uruguay,395,UNHCR
URY,Uruguay,395,UNICEF
URY,Uruguay,395,UNIDO
URY,Uruguay,395,UNOPS
URY,Uruguay,395,UNS – DSS
URY,Uruguay,395,UNS – ECLAC
URY,Uruguay,395,UNS - OHCHR
URY,Uruguay,395,UNS – RCOs
URY,Uruguay,395,UNS - UNEP
URY,Uruguay,395,UNS - UNODC
URY,Uruguay,395,World Bank
UZB,Uzbekistan,396,FAO
UZB,Uzbekistan,396,ILO
UZB,Uzbekistan,396,IOM
UZB,Uzbekistan,396,UN
UZB,Uzbekistan,396,UNAIDS
UZB,Uzbekistan,396,UNDP
UZB,Uzbekistan,396,UNESCO
UZB,Uzbekistan,396,UNFPA
UZB,Uzbekistan,396,UNICEF
UZB,Uzbekistan,396,UNOPS
UZB,Uzbekistan,396,UNS - OHCHR
UZB,Uzbekistan,396,UNS – RCOs
UZB,Uzbekistan,396,UNS - UNODC
UZB,Uzbekistan,396,WHO
VEN,Venezuela,423,FAO
VEN,Venezuela,423,IOM
VEN,Venezuela,423,PAHO
VEN,Venezuela,423,UN
VEN,Venezuela,423,UNAIDS
VEN,Venezuela,423,UNDP
VEN,Venezuela,423,UNFPA
VEN,Venezuela,423,UNHCR
VEN,Venezuela,423,UNICEF
VEN,Venezuela,423,UNS - OCHA
VEN,Venezuela,423,UNS - OHCHR
VEN,Venezuela,423,UNS – RCOs
VEN,Venezuela,423,WFP
VNM,Viet Nam,397,FAO
VNM,Viet Nam,397,IFAD
VNM,Viet Nam,397,ILO
VNM,Viet Nam,397,IOM
VNM,Viet Nam,397,UN
VNM,Viet Nam,397,UN WOMEN
VNM,Viet Nam,397,UNAIDS
VNM,Viet Nam,397,UNDP
VNM,Viet Nam,397,UNESCO
VNM,Viet Nam,397,UNFPA
VNM,Viet Nam,397,UNICEF
VNM,Viet Nam,397,UNIDO
VNM,Viet Nam,397,UNS – DSS
VNM,Viet Nam,397,UNS – RCOs
VNM,Viet Nam,397,UNS - UN Habitat
VNM,Viet Nam,397,UNS - UNODC
VNM,Viet Nam,397,WHO
WSM,Samoa,377,FAO
WSM,Samoa,377,ILO
WSM,Samoa,377,UN
WSM,Samoa,377,UN WOMEN
WSM,Samoa,377,UNDP
WSM,Samoa,377,UNESCO
WSM,Samoa,377,UNFPA
WSM,Samoa,377,UNICEF
WSM,Samoa,377,UNS – DSS
WSM,Samoa,377,UNS – RCOs
WSM,Samoa,377,UNS - UNEP
WSM,Samoa,377,WHO
WSM,Samoa,377,WMO
YEM,Yemen,415,FAO
YEM,Yemen,415,ILO
YEM,Yemen,415,IOM
YEM,Yemen,415,UN
YEM,Yemen,415,UN WOMEN
YEM,Yemen,415,UNDP
YEM,Yemen,415,UNESCO
YEM,Yemen,415,UNFPA
YEM,Yemen,415,UNHCR
YEM,Yemen,415,UNICEF
YEM,Yemen,415,UNOPS
YEM,Yemen,415,UNS – DCO
YEM,Yemen,415,UNS – DSS
YEM,Yemen,415,UNS - OCHA
YEM,Yemen,415,UNS - OHCHR
YEM,Yemen,415,UNS - UN Habitat
YEM,Yemen,415,UNV
YEM,Yemen,415,WFP
YEM,Yemen,415,WHO
ZFA,South Africa,384,FAO
ZFA,South Africa,384,IFAD
ZFA,South Africa,384,ILO
ZFA,South Africa,384,IOM
ZFA,South Africa,384,UN
ZFA,South Africa,384,UN WOMEN
ZFA,South Africa,384,UNAIDS
ZFA,South Africa,384,UNDP
ZFA,South Africa,384,UNFPA
ZFA,South Africa,384,UNHCR
ZFA,South Africa,384,UNICEF
ZFA,South Africa,384,UNIDO
ZFA,South Africa,384,UNS - OHCHR
ZFA,South Africa,384,UNS – RCOs
ZFA,South Africa,384,UNS - UNEP
ZFA,South Africa,384,UNS - UNODC
ZFA,South Africa,384,WFP
ZFA,South Africa,384,WHO
ZMB,Zambia,416,FAO
ZMB,Zambia,416,IFAD
ZMB,Zambia,416,ILO
ZMB,Zambia,416,IMF
ZMB,Zambia,416,IOM
ZMB,Zambia,416,UN
ZMB,Zambia,416,UN WOMEN
ZMB,Zambia,416,UNAIDS
ZMB,Zambia,416,UNCDF
ZMB,Zambia,416,UNDP
ZMB,Zambia,416,UNESCO
ZMB,Zambia,416,UNFPA
ZMB,Zambia,416,UNHCR
ZMB,Zambia,416,UNICEF
ZMB,Zambia,416,UNIDO
ZMB,Zambia,416,UNOPS
ZMB,Zambia,416,UNS – DSS
ZMB,Zambia,416,UNS – ECA
ZMB,Zambia,416,UNS - OHCHR
ZMB,Zambia,416,UNS – RCOs
ZMB,Zambia,416,UNS - UN Habitat
ZMB,Zambia,416,UNS - UNCTAD
ZMB,Zambia,416,UNS - UNODC
ZMB,Zambia,416,WFP
ZMB,Zambia,416,WHO
ZMB,Zambia,416,World Bank
ZWE,Zimbabwe,424,FAO
ZWE,Zimbabwe,424,ILO
ZWE,Zimbabwe,424,IOM
ZWE,Zimbabwe,424,ITU
ZWE,Zimbabwe,424,UN
ZWE,Zimbabwe,424,UN WOMEN
ZWE,Zimbabwe,424,UNAIDS
ZWE,Zimbabwe,424,UNDP
ZWE,Zimbabwe,424,UNESCO
ZWE,Zimbabwe,424,UNFPA
ZWE,Zimbabwe,424,UNHCR
ZWE,Zimbabwe,424,UNICEF
ZWE,Zimbabwe,424,UNIDO
ZWE,Zimbabwe,424,UNOPS
ZWE,Zimbabwe,424,UNS – DGC
ZWE,Zimbabwe,424,UNS – DSS
ZWE,Zimbabwe,424,UNS – RCOs
ZWE,Zimbabwe,424,UPU
ZWE,Zimbabwe,424,WFP
ZWE,Zimbabwe,424,WHO
ZWE,Zimbabwe,424,World Bank
