ISO3;Country;KICKOFF_TRACKERID;uninfo.organization.abbreviation;organizationId;participating
AFG;Afghanistan;229;OHCHR;11;true
AFG;Afghanistan;229;World Bank;1277;true
AFG;Afghanistan;229;UN-HABITAT;18;true
AFG;Afghanistan;229;OCHA;19;true
AFG;Afghanistan;229;FAO;2;true
AFG;Afghanistan;229;UN Women;21;true
AFG;Afghanistan;229;UNAIDS;22;true
AFG;Afghanistan;229;UNCTAD;24;true
AFG;Afghanistan;229;UNS;2485;true
AFG;Afghanistan;229;UNAMA;2492;true
AFG;Afghanistan;229;UNDP;25;true
AFG;Afghanistan;229;UNEP;28;true
AFG;Afghanistan;229;UNESCO;29;true
AFG;Afghanistan;229;UNFPA;30;true
AFG;Afghanistan;229;UNHCR;31;true
AFG;Afghanistan;229;UNICEF;32;true
AFG;Afghanistan;229;UNIDO;33;true
AFG;Afghanistan;229;UNODC;34;true
AFG;Afghanistan;229;UNOPS;35;true
AFG;Afghanistan;229;UNV;37;true
AFG;Afghanistan;229;WFP;39;true
AFG;Afghanistan;229;WHO;40;true
AFG;Afghanistan;229;IMF;47;true
AFG;Afghanistan;229;IFAD;5;true
AFG;Afghanistan;229;UN RCO;50;true
AFG;Afghanistan;229;ILO;6;true
AFG;Afghanistan;229;IOM;8;true
AFG;Afghanistan;229;ITC;9;true
AGO;Angola;305;World Bank;1277;true
AGO;Angola;305;FAO;2;true
AGO;Angola;305;UNAIDS;22;true
AGO;Angola;305;UNDSS;2275;true
AGO;Angola;305;UNCTAD;24;true
AGO;Angola;305;UNS;2485;true
AGO;Angola;305;UNDP;25;true
AGO;Angola;305;UNESCO;29;true
AGO;Angola;305;UNFPA;30;true
AGO;Angola;305;UNHCR;31;true
AGO;Angola;305;UNICEF;32;true
AGO;Angola;305;UNOPS;35;true
AGO;Angola;305;WFP;39;true
AGO;Angola;305;WHO;40;true
AGO;Angola;305;IMF;47;true
AGO;Angola;305;IFAD;5;true
AGO;Angola;305;UN RCO;50;true
AGO;Angola;305;IOM;8;true
ALB;Albania;303;FAO;2;true
ALB;Albania;303;UN Women;21;true
ALB;Albania;303;UNS;2485;true
ALB;Albania;303;UNDP;25;true
ALB;Albania;303;UNFPA;30;true
ALB;Albania;303;UNHCR;31;true
ALB;Albania;303;UNICEF;32;true
ALB;Albania;303;UNIDO;33;true
ALB;Albania;303;UNODC;34;true
ALB;Albania;303;UNOPS;35;true
ALB;Albania;303;WHO;40;true
ALB;Albania;303;UN RCO;50;true
ALB;Albania;303;ILO;6;true
ALB;Albania;303;IOM;8;true
ARE;United Arab Emirates;393;OCHA;19;true
ARE;United Arab Emirates;393;FAO;2;true
ARE;United Arab Emirates;393;UN Women;21;true
ARE;United Arab Emirates;393;UNDSS;2275;true
ARE;United Arab Emirates;393;UNS;2485;true
ARE;United Arab Emirates;393;UNEP;28;true
ARE;United Arab Emirates;393;UNFPA;30;true
ARE;United Arab Emirates;393;UNHCR;31;true
ARE;United Arab Emirates;393;UNICEF;32;true
ARE;United Arab Emirates;393;UNODC;34;true
ARE;United Arab Emirates;393;UNRWA;36;true
ARE;United Arab Emirates;393;WFP;39;true
ARE;United Arab Emirates;393;WHO;40;true
ARE;United Arab Emirates;393;UN RCO;50;true
ARG;Argentina;306;UN ECLAC;15;true
ARG;Argentina;306;FAO;2;true
ARG;Argentina;306;UN Women;21;true
ARG;Argentina;306;UNAIDS;22;true
ARG;Argentina;306;UNDSS;2275;true
ARG;Argentina;306;DGC;2459;true
ARG;Argentina;306;UNS;2485;true
ARG;Argentina;306;UNDP;25;true
ARG;Argentina;306;UNESCO;29;true
ARG;Argentina;306;UNFPA;30;true
ARG;Argentina;306;UNHCR;31;true
ARG;Argentina;306;UNICEF;32;true
ARG;Argentina;306;UNOPS;35;true
ARG;Argentina;306;UN RCO;50;true
ARG;Argentina;306;ILO;6;true
ARG;Argentina;306;IOM;8;true
ARG;Argentina;306;PAHO;962;true
ARM;Armenia;307;FAO;2;true
ARM;Armenia;307;UNS;2485;true
ARM;Armenia;307;UNDP;25;true
ARM;Armenia;307;UNFPA;30;true
ARM;Armenia;307;UNHCR;31;true
ARM;Armenia;307;UNICEF;32;true
ARM;Armenia;307;UNIDO;33;true
ARM;Armenia;307;WFP;39;true
ARM;Armenia;307;WHO;40;true
ARM;Armenia;307;UN RCO;50;true
ARM;Armenia;307;IOM;8;true
AZE;Azerbaijan;398;OHCHR;11;true
AZE;Azerbaijan;398;FAO;2;true
AZE;Azerbaijan;398;UNS;2485;true
AZE;Azerbaijan;398;UNDP;25;true
AZE;Azerbaijan;398;UNFPA;30;true
AZE;Azerbaijan;398;UNHCR;31;true
AZE;Azerbaijan;398;UNICEF;32;true
AZE;Azerbaijan;398;UNODC;34;true
AZE;Azerbaijan;398;UNOPS;35;true
AZE;Azerbaijan;398;WHO;40;true
AZE;Azerbaijan;398;UN RCO;50;true
AZE;Azerbaijan;398;ILO;6;true
AZE;Azerbaijan;398;IOM;8;true
BDI;Burundi;318;OCHA;19;true
BDI;Burundi;318;FAO;2;true
BDI;Burundi;318;UN Women;21;true
BDI;Burundi;318;UNAIDS;22;true
BDI;Burundi;318;UNS;2485;true
BDI;Burundi;318;UNDP;25;true
BDI;Burundi;318;UNESCO;29;true
BDI;Burundi;318;UNFPA;30;true
BDI;Burundi;318;UNHCR;31;true
BDI;Burundi;318;UNICEF;32;true
BDI;Burundi;318;UNOPS;35;true
BDI;Burundi;318;UNV;37;true
BDI;Burundi;318;WFP;39;true
BDI;Burundi;318;WHO;40;true
BDI;Burundi;318;IFAD;5;true
BDI;Burundi;318;UN RCO;50;true
BDI;Burundi;318;IOM;8;true
BEN;Benin;312;World Bank;1277;true
BEN;Benin;312;FAO;2;true
BEN;Benin;312;UN Women;21;true
BEN;Benin;312;UNAIDS;22;true
BEN;Benin;312;UNCDF;23;true
BEN;Benin;312;UNS;2485;true
BEN;Benin;312;UNDP;25;true
BEN;Benin;312;UNEP;28;true
BEN;Benin;312;UNESCO;29;true
BEN;Benin;312;UNFPA;30;true
BEN;Benin;312;UNICEF;32;true
BEN;Benin;312;UNIDO;33;true
BEN;Benin;312;UNOPS;35;true
BEN;Benin;312;UPU;38;true
BEN;Benin;312;WFP;39;true
BEN;Benin;312;WHO;40;true
BEN;Benin;312;IMF;47;true
BEN;Benin;312;IFAD;5;true
BEN;Benin;312;UN RCO;50;true
BEN;Benin;312;ILO;6;true
BEN;Benin;312;IOM;8;true
BEN;Benin;312;ITC;9;true
BFA;Burkina Faso;317;;;true
BFA;Burkina Faso;317;OHCHR;11;true
BFA;Burkina Faso;317;World Bank;1277;true
BFA;Burkina Faso;317;UN-HABITAT;18;true
BFA;Burkina Faso;317;OCHA;19;true
BFA;Burkina Faso;317;FAO;2;true
BFA;Burkina Faso;317;UN Women;21;true
BFA;Burkina Faso;317;UNAIDS;22;true
BFA;Burkina Faso;317;UNDSS;2275;true
BFA;Burkina Faso;317;UNCDF;23;true
BFA;Burkina Faso;317;UNOWAS;23119;true
BFA;Burkina Faso;317;UNS;2485;true
BFA;Burkina Faso;317;UNDP;25;true
BFA;Burkina Faso;317;UNESCO;29;true
BFA;Burkina Faso;317;IAEA;3;true
BFA;Burkina Faso;317;UNFPA;30;true
BFA;Burkina Faso;317;UNHCR;31;true
BFA;Burkina Faso;317;UNICEF;32;true
BFA;Burkina Faso;317;UNIDO;33;true
BFA;Burkina Faso;317;UNODC;34;true
BFA;Burkina Faso;317;UNOPS;35;true
BFA;Burkina Faso;317;UNOCT;3642;true
BFA;Burkina Faso;317;UNV;37;true
BFA;Burkina Faso;317;WFP;39;true
BFA;Burkina Faso;317;ICAO;4;true
BFA;Burkina Faso;317;WHO;40;true
BFA;Burkina Faso;317;IMF;47;true
BFA;Burkina Faso;317;UN RCO;50;true
BFA;Burkina Faso;317;ILO;6;true
BFA;Burkina Faso;317;IOM;8;true
BFA;Burkina Faso;317;ITC;9;true
BGD;Bangladesh;309;FAO;2;true
BGD;Bangladesh;309;UN Women;21;true
BGD;Bangladesh;309;UNAIDS;22;true
BGD;Bangladesh;309;UNCDF;23;true
BGD;Bangladesh;309;UNS;2485;true
BGD;Bangladesh;309;UNDP;25;true
BGD;Bangladesh;309;UNESCO;29;true
BGD;Bangladesh;309;UNFPA;30;true
BGD;Bangladesh;309;UNHCR;31;true
BGD;Bangladesh;309;UNICEF;32;true
BGD;Bangladesh;309;UNIDO;33;true
BGD;Bangladesh;309;UNODC;34;true
BGD;Bangladesh;309;UNOPS;35;true
BGD;Bangladesh;309;UNV;37;true
BGD;Bangladesh;309;WFP;39;true
BGD;Bangladesh;309;WHO;40;true
BGD;Bangladesh;309;IFAD;5;true
BGD;Bangladesh;309;UN RCO;50;true
BGD;Bangladesh;309;ILO;6;true
BGD;Bangladesh;309;IOM;8;true
BHR;Bahrain;308;UN-HABITAT;18;true
BHR;Bahrain;308;FAO;2;true
BHR;Bahrain;308;DGC;2459;true
BHR;Bahrain;308;UNS;2485;true
BHR;Bahrain;308;UNDP;25;true
BHR;Bahrain;308;UNEP;28;true
BHR;Bahrain;308;UNESCO;29;true
BHR;Bahrain;308;UNFPA;30;true
BHR;Bahrain;308;UNIDO;33;true
BHR;Bahrain;308;UNODC;34;true
BHR;Bahrain;308;WHO;40;true
BHR;Bahrain;308;UN RCO;50;true
BHR;Bahrain;308;IOM;8;true
BIH;Bosnia and Herzegovina;315;FAO;2;true
BIH;Bosnia and Herzegovina;315;UN Women;21;true
BIH;Bosnia and Herzegovina;315;UNDSS;2275;true
BIH;Bosnia and Herzegovina;315;UNS;2485;true
BIH;Bosnia and Herzegovina;315;UNDP;25;true
BIH;Bosnia and Herzegovina;315;UNESCO;29;true
BIH;Bosnia and Herzegovina;315;UNFPA;30;true
BIH;Bosnia and Herzegovina;315;UNHCR;31;true
BIH;Bosnia and Herzegovina;315;UNICEF;32;true
BIH;Bosnia and Herzegovina;315;WHO;40;true
BIH;Bosnia and Herzegovina;315;UN RCO;50;true
BIH;Bosnia and Herzegovina;315;ILO;6;true
BIH;Bosnia and Herzegovina;315;IOM;8;true
BLR;Belarus;310;UNAIDS;22;true
BLR;Belarus;310;UNS;2485;true
BLR;Belarus;310;UNDP;25;true
BLR;Belarus;310;UNFPA;30;true
BLR;Belarus;310;UNHCR;31;true
BLR;Belarus;310;UNICEF;32;true
BLR;Belarus;310;WHO;40;true
BLR;Belarus;310;UN RCO;50;true
BLR;Belarus;310;IOM;8;true
BLZ;Belize;311;OHCHR;11;true
BLZ;Belize;311;FAO;2;true
BLZ;Belize;311;UNS;2485;true
BLZ;Belize;311;UNDP;25;true
BLZ;Belize;311;UNFPA;30;true
BLZ;Belize;311;UNHCR;31;true
BLZ;Belize;311;UNICEF;32;true
BLZ;Belize;311;UNOPS;35;true
BLZ;Belize;311;WFP;39;true
BLZ;Belize;311;UN RCO;50;true
BLZ;Belize;311;ILO;6;true
BLZ;Belize;311;IOM;8;true
BLZ;Belize;311;PAHO;962;true
BOL;Bolivia;314;OHCHR;11;true
BOL;Bolivia;314;World Bank;1277;true
BOL;Bolivia;314;UN-HABITAT;18;true
BOL;Bolivia;314;OCHA;19;true
BOL;Bolivia;314;FAO;2;true
BOL;Bolivia;314;UN Women;21;true
BOL;Bolivia;314;UNAIDS;22;true
BOL;Bolivia;314;UNDSS;2275;true
BOL;Bolivia;314;DGC;2459;true
BOL;Bolivia;314;UNS;2485;true
BOL;Bolivia;314;UNDP;25;true
BOL;Bolivia;314;UNEP;28;true
BOL;Bolivia;314;UNESCO;29;true
BOL;Bolivia;314;IAEA;3;true
BOL;Bolivia;314;UNFPA;30;true
BOL;Bolivia;314;UNHCR;31;true
BOL;Bolivia;314;UNICEF;32;true
BOL;Bolivia;314;UNIDO;33;true
BOL;Bolivia;314;UNODC;34;true
BOL;Bolivia;314;UNV;37;true
BOL;Bolivia;314;WFP;39;true
BOL;Bolivia;314;WHO;40;true
BOL;Bolivia;314;IMF;47;true
BOL;Bolivia;314;IFAD;5;true
BOL;Bolivia;314;UN RCO;50;true
BOL;Bolivia;314;ILO;6;true
BOL;Bolivia;314;IMO;7;true
BOL;Bolivia;314;IOM;8;true
BOL;Bolivia;314;PAHO;962;true
BRA;Brazil;399;ITU;10;true
BRA;Brazil;399;UN-HABITAT;18;true
BRA;Brazil;399;FAO;2;true
BRA;Brazil;399;UN Women;21;true
BRA;Brazil;399;UNAIDS;22;true
BRA;Brazil;399;UNS;2485;true
BRA;Brazil;399;UNDP;25;true
BRA;Brazil;399;UNEP;28;true
BRA;Brazil;399;UNESCO;29;true
BRA;Brazil;399;UNFPA;30;true
BRA;Brazil;399;UNHCR;31;true
BRA;Brazil;399;UNICEF;32;true
BRA;Brazil;399;UNIDO;33;true
BRA;Brazil;399;UNODC;34;true
BRA;Brazil;399;UNOPS;35;true
BRA;Brazil;399;UNV;37;true
BRA;Brazil;399;WFP;39;true
BRA;Brazil;399;WHO;40;true
BRA;Brazil;399;IFAD;5;true
BRA;Brazil;399;UN RCO;50;true
BRA;Brazil;399;ILO;6;true
BRA;Brazil;399;IOM;8;true
BRB;Barbados;272;ITU;10;true
BRB;Barbados;272;FAO;2;true
BRB;Barbados;272;UN Women;21;true
BRB;Barbados;272;UNS;2485;true
BRB;Barbados;272;UNDP;25;true
BRB;Barbados;272;UNFPA;30;true
BRB;Barbados;272;UNICEF;32;true
BRB;Barbados;272;WFP;39;true
BRB;Barbados;272;UN RCO;50;true
BRB;Barbados;272;PAHO;962;true
BTN;Bhutan;313;FAO;2;true
BTN;Bhutan;313;UNS;2485;true
BTN;Bhutan;313;UNDP;25;true
BTN;Bhutan;313;UNFPA;30;true
BTN;Bhutan;313;UNICEF;32;true
BTN;Bhutan;313;UNODC;34;true
BTN;Bhutan;313;WFP;39;true
BTN;Bhutan;313;WHO;40;true
BTN;Bhutan;313;UN RCO;50;true
BWA;Botswana;316;World Bank;1277;true
BWA;Botswana;316;FAO;2;true
BWA;Botswana;316;UNAIDS;22;true
BWA;Botswana;316;UNDSS;2275;true
BWA;Botswana;316;UNS;2485;true
BWA;Botswana;316;UNDP;25;true
BWA;Botswana;316;UNESCO;29;true
BWA;Botswana;316;UNFPA;30;true
BWA;Botswana;316;UNHCR;31;true
BWA;Botswana;316;UNICEF;32;true
BWA;Botswana;316;WHO;40;true
BWA;Botswana;316;UN RCO;50;true
BWA;Botswana;316;ILO;6;true
BWA;Botswana;316;IOM;8;true
CAF;Central African Republic;322;OCHA;19;true
CAF;Central African Republic;322;FAO;2;true
CAF;Central African Republic;322;UN Women;21;true
CAF;Central African Republic;322;UNAIDS;22;true
CAF;Central African Republic;322;UNS;2485;true
CAF;Central African Republic;322;UNDP;25;true
CAF;Central African Republic;322;UNFPA;30;true
CAF;Central African Republic;322;UNHCR;31;true
CAF;Central African Republic;322;UNICEF;32;true
CAF;Central African Republic;322;UNOPS;35;true
CAF;Central African Republic;322;WFP;39;true
CAF;Central African Republic;322;WHO;40;true
CAF;Central African Republic;322;UN RCO;50;true
CAF;Central African Republic;322;UNDPO;53;true
CAF;Central African Republic;322;ILO;6;true
CAF;Central African Republic;322;IOM;8;true
CHL;Chile;324;;;true
CHL;Chile;324;UN ECLAC;15;true
CHL;Chile;324;FAO;2;true
CHL;Chile;324;UNS;2485;true
CHL;Chile;324;UNDP;25;true
CHL;Chile;324;UNESCO;29;true
CHL;Chile;324;UNICEF;32;true
CHL;Chile;324;UN RCO;50;true
CHL;Chile;324;ILO;6;true
CHN;China;400;UN ESCAP;16;true
CHN;China;400;UN-HABITAT;18;true
CHN;China;400;FAO;2;true
CHN;China;400;UN Women;21;true
CHN;China;400;UNAIDS;22;true
CHN;China;400;UNS;2485;true
CHN;China;400;UNDP;25;true
CHN;China;400;UNEP;28;true
CHN;China;400;UNESCO;29;true
CHN;China;400;UNFPA;30;true
CHN;China;400;UNHCR;31;true
CHN;China;400;UNICEF;32;true
CHN;China;400;UNIDO;33;true
CHN;China;400;UNV;37;true
CHN;China;400;WFP;39;true
CHN;China;400;ICAO;4;true
CHN;China;400;WHO;40;true
CHN;China;400;IFAD;5;true
CHN;China;400;UN RCO;50;true
CHN;China;400;ILO;6;true
CHN;China;400;IOM;8;true
CIV;Cote d'Ivoire;328;FAO;2;true
CIV;Cote d'Ivoire;328;UN Women;21;true
CIV;Cote d'Ivoire;328;UNAIDS;22;true
CIV;Cote d'Ivoire;328;UNDSS;2275;true
CIV;Cote d'Ivoire;328;UNS;2485;true
CIV;Cote d'Ivoire;328;UNDP;25;true
CIV;Cote d'Ivoire;328;UNEP;28;true
CIV;Cote d'Ivoire;328;UNESCO;29;true
CIV;Cote d'Ivoire;328;UNFPA;30;true
CIV;Cote d'Ivoire;328;UNHCR;31;true
CIV;Cote d'Ivoire;328;UNICEF;32;true
CIV;Cote d'Ivoire;328;UNIDO;33;true
CIV;Cote d'Ivoire;328;WFP;39;true
CIV;Cote d'Ivoire;328;WHO;40;true
CIV;Cote d'Ivoire;328;IFAD;5;true
CIV;Cote d'Ivoire;328;UN RCO;50;true
CIV;Cote d'Ivoire;328;ILO;6;true
CIV;Cote d'Ivoire;328;IOM;8;true
CMR;Cameroon;321;ITU;10;true
CMR;Cameroon;321;OHCHR;11;true
CMR;Cameroon;321;World Bank;1277;true
CMR;Cameroon;321;UN ECA;14;true
CMR;Cameroon;321;OCHA;19;true
CMR;Cameroon;321;FAO;2;true
CMR;Cameroon;321;UN Women;21;true
CMR;Cameroon;321;UNAIDS;22;true
CMR;Cameroon;321;UNOWAS;23119;true
CMR;Cameroon;321;UNS;2485;true
CMR;Cameroon;321;UNDP;25;true
CMR;Cameroon;321;UNESCO;29;true
CMR;Cameroon;321;UNFPA;30;true
CMR;Cameroon;321;UNHCR;31;true
CMR;Cameroon;321;UNICEF;32;true
CMR;Cameroon;321;UNIDO;33;true
CMR;Cameroon;321;UNODC;34;true
CMR;Cameroon;321;UNOPS;35;true
CMR;Cameroon;321;UNV;37;true
CMR;Cameroon;321;WFP;39;true
CMR;Cameroon;321;WHO;40;true
CMR;Cameroon;321;IFAD;5;true
CMR;Cameroon;321;UN RCO;50;true
CMR;Cameroon;321;ILO;6;true
CMR;Cameroon;321;IOM;8;true
COD;Democratic Republic of the Congo;330;OHCHR;11;true
COD;Democratic Republic of the Congo;330;World Bank;1277;true
COD;Democratic Republic of the Congo;330;UN-HABITAT;18;true
COD;Democratic Republic of the Congo;330;OCHA;19;true
COD;Democratic Republic of the Congo;330;FAO;2;true
COD;Democratic Republic of the Congo;330;UN Women;21;true
COD;Democratic Republic of the Congo;330;UNAIDS;22;true
COD;Democratic Republic of the Congo;330;UNDSS;2275;true
COD;Democratic Republic of the Congo;330;UNCDF;23;true
COD;Democratic Republic of the Congo;330;UNS;2485;true
COD;Democratic Republic of the Congo;330;UNDP;25;true
COD;Democratic Republic of the Congo;330;UNESCO;29;true
COD;Democratic Republic of the Congo;330;UNFPA;30;true
COD;Democratic Republic of the Congo;330;UNHCR;31;true
COD;Democratic Republic of the Congo;330;UNICEF;32;true
COD;Democratic Republic of the Congo;330;UNIDO;33;true
COD;Democratic Republic of the Congo;330;UNOPS;35;true
COD;Democratic Republic of the Congo;330;WFP;39;true
COD;Democratic Republic of the Congo;330;WHO;40;true
COD;Democratic Republic of the Congo;330;IMF;47;true
COD;Democratic Republic of the Congo;330;IFAD;5;true
COD;Democratic Republic of the Congo;330;UN RCO;50;true
COD;Democratic Republic of the Congo;330;ILO;6;true
COD;Democratic Republic of the Congo;330;IOM;8;true
COG;Congo;326;FAO;2;true
COG;Congo;326;UNAIDS;22;true
COG;Congo;326;UNS;2485;true
COG;Congo;326;UNDP;25;true
COG;Congo;326;UNESCO;29;true
COG;Congo;326;UNFPA;30;true
COG;Congo;326;UNHCR;31;true
COG;Congo;326;UNICEF;32;true
COG;Congo;326;WFP;39;true
COG;Congo;326;WHO;40;true
COL;Colombia;325;OHCHR;11;true
COL;Colombia;325;World Bank;1277;true
COL;Colombia;325;UN ECLAC;15;true
COL;Colombia;325;UN-HABITAT;18;true
COL;Colombia;325;OCHA;19;true
COL;Colombia;325;FAO;2;true
COL;Colombia;325;UN Women;21;true
COL;Colombia;325;UNDCO;2274;true
COL;Colombia;325;UNDSS;2275;true
COL;Colombia;325;DGC;2459;true
COL;Colombia;325;UNS;2485;true
COL;Colombia;325;UNDP;25;true
COL;Colombia;325;UNVMC;2545;true
COL;Colombia;325;UNEP;28;true
COL;Colombia;325;UNESCO;29;true
COL;Colombia;325;UNFPA;30;true
COL;Colombia;325;UNHCR;31;true
COL;Colombia;325;UNICEF;32;true
COL;Colombia;325;UNIDO;33;true
COL;Colombia;325;UNODC;34;true
COL;Colombia;325;UNOPS;35;true
COL;Colombia;325;UNV;37;true
COL;Colombia;325;WFP;39;true
COL;Colombia;325;IFAD;5;true
COL;Colombia;325;UN RCO;50;true
COL;Colombia;325;ILO;6;true
COL;Colombia;325;IOM;8;true
COL;Colombia;325;PAHO;962;true
COM;Comoros;301;World Bank;1277;true
COM;Comoros;301;FAO;2;true
COM;Comoros;301;UNS;2485;true
COM;Comoros;301;UNDP;25;true
COM;Comoros;301;UNFPA;30;true
COM;Comoros;301;UNICEF;32;true
COM;Comoros;301;WHO;40;true
COM;Comoros;301;IMF;47;true
COM;Comoros;301;UN RCO;50;true
COM;Comoros;301;IOM;8;true
CPV;Cabo Verde;319;ITU;10;true
CPV;Cabo Verde;319;OHCHR;11;true
CPV;Cabo Verde;319;UN ECA;14;true
CPV;Cabo Verde;319;UN-HABITAT;18;true
CPV;Cabo Verde;319;FAO;2;true
CPV;Cabo Verde;319;UN Women;21;true
CPV;Cabo Verde;319;UNCTAD;24;true
CPV;Cabo Verde;319;UNS;2485;true
CPV;Cabo Verde;319;UNDP;25;true
CPV;Cabo Verde;319;UNEP;28;true
CPV;Cabo Verde;319;UNESCO;29;true
CPV;Cabo Verde;319;UNFPA;30;true
CPV;Cabo Verde;319;UNICEF;32;true
CPV;Cabo Verde;319;UNIDO;33;true
CPV;Cabo Verde;319;UNODC;34;true
CPV;Cabo Verde;319;WFP;39;true
CPV;Cabo Verde;319;WHO;40;true
CPV;Cabo Verde;319;WIPO;41;true
CPV;Cabo Verde;319;UN RCO;50;true
CPV;Cabo Verde;319;ILO;6;true
CPV;Cabo Verde;319;IOM;8;true
CRI;Costa Rica;327;;;true
CRI;Costa Rica;327;OHCHR;11;true
CRI;Costa Rica;327;FAO;2;true
CRI;Costa Rica;327;UN Women;21;true
CRI;Costa Rica;327;UNS;2485;true
CRI;Costa Rica;327;UNDP;25;true
CRI;Costa Rica;327;UNESCO;29;true
CRI;Costa Rica;327;UNFPA;30;true
CRI;Costa Rica;327;UNHCR;31;true
CRI;Costa Rica;327;UNICEF;32;true
CRI;Costa Rica;327;UNOPS;35;true
CRI;Costa Rica;327;UPU;38;true
CRI;Costa Rica;327;WHO;40;true
CRI;Costa Rica;327;WMO;42;true
CRI;Costa Rica;327;UN RCO;50;true
CRI;Costa Rica;327;ILO;6;true
CRI;Costa Rica;327;IOM;8;true
CUB;Cuba;329;;;true
CUB;Cuba;329;UN-HABITAT;18;true
CUB;Cuba;329;OCHA;19;true
CUB;Cuba;329;FAO;2;true
CUB;Cuba;329;UN Women;21;true
CUB;Cuba;329;UNAIDS;22;true
CUB;Cuba;329;UNCTAD;24;true
CUB;Cuba;329;UNS;2485;true
CUB;Cuba;329;UNDP;25;true
CUB;Cuba;329;UNEP;28;true
CUB;Cuba;329;UNESCO;29;true
CUB;Cuba;329;UNFPA;30;true
CUB;Cuba;329;UNHCR;31;true
CUB;Cuba;329;UNICEF;32;true
CUB;Cuba;329;UNIDO;33;true
CUB;Cuba;329;UNODC;34;true
CUB;Cuba;329;UNOPS;35;true
CUB;Cuba;329;WFP;39;true
CUB;Cuba;329;WHO;40;true
CUB;Cuba;329;IFAD;5;true
CUB;Cuba;329;UN RCO;50;true
CUB;Cuba;329;ILO;6;true
CUB;Cuba;329;IOM;8;true
CUB;Cuba;329;ITC;9;true
DJI;Djibouti;331;FAO;2;true
DJI;Djibouti;331;UNAIDS;22;true
DJI;Djibouti;331;UNDSS;2275;true
DJI;Djibouti;331;UNS;2485;true
DJI;Djibouti;331;UNDP;25;true
DJI;Djibouti;331;UNFPA;30;true
DJI;Djibouti;331;UNHCR;31;true
DJI;Djibouti;331;UNICEF;32;true
DJI;Djibouti;331;UNOPS;35;true
DJI;Djibouti;331;UNV;37;true
DJI;Djibouti;331;WFP;39;true
DJI;Djibouti;331;WHO;40;true
DJI;Djibouti;331;UN RCO;50;true
DJI;Djibouti;331;ILO;6;true
DJI;Djibouti;331;IOM;8;true
DOM;Dominican Republic;332;FAO;2;true
DOM;Dominican Republic;332;UNAIDS;22;true
DOM;Dominican Republic;332;UNS;2485;true
DOM;Dominican Republic;332;UNDP;25;true
DOM;Dominican Republic;332;UNFPA;30;true
DOM;Dominican Republic;332;UNHCR;31;true
DOM;Dominican Republic;332;UNICEF;32;true
DOM;Dominican Republic;332;WFP;39;true
DOM;Dominican Republic;332;UN RCO;50;true
DOM;Dominican Republic;332;IOM;8;true
DOM;Dominican Republic;332;PAHO;962;true
DZA;Algeria;304;FAO;2;true
DZA;Algeria;304;UNAIDS;22;true
DZA;Algeria;304;UNDSS;2275;true
DZA;Algeria;304;DGC;2459;true
DZA;Algeria;304;UNS;2485;true
DZA;Algeria;304;UNDP;25;true
DZA;Algeria;304;UNFPA;30;true
DZA;Algeria;304;UNHCR;31;true
DZA;Algeria;304;UNICEF;32;true
DZA;Algeria;304;UNIDO;33;true
DZA;Algeria;304;UNODC;34;true
DZA;Algeria;304;WFP;39;true
DZA;Algeria;304;ICAO;4;true
DZA;Algeria;304;WHO;40;true
DZA;Algeria;304;WIPO;41;true
DZA;Algeria;304;UN RCO;50;true
DZA;Algeria;304;ILO;6;true
DZA;Algeria;304;IOM;8;true
ECU;Ecuador;333;FAO;2;true
ECU;Ecuador;333;UN Women;21;true
ECU;Ecuador;333;UNS;2485;true
ECU;Ecuador;333;UNDP;25;true
ECU;Ecuador;333;UNESCO;29;true
ECU;Ecuador;333;UNFPA;30;true
ECU;Ecuador;333;UNHCR;31;true
ECU;Ecuador;333;UNICEF;32;true
ECU;Ecuador;333;UNIDO;33;true
ECU;Ecuador;333;UNODC;34;true
ECU;Ecuador;333;UNV;37;true
ECU;Ecuador;333;WFP;39;true
ECU;Ecuador;333;UN RCO;50;true
ECU;Ecuador;333;ILO;6;true
ECU;Ecuador;333;IOM;8;true
ECU;Ecuador;333;PAHO;962;true
EGY;Egypt;302;;;true
EGY;Egypt;302;ITU;10;true
EGY;Egypt;302;UN-HABITAT;18;true
EGY;Egypt;302;OCHA;19;true
EGY;Egypt;302;FAO;2;true
EGY;Egypt;302;UN Women;21;true
EGY;Egypt;302;UNAIDS;22;true
EGY;Egypt;302;UNDSS;2275;true
EGY;Egypt;302;UNS;2485;true
EGY;Egypt;302;UNDP;25;true
EGY;Egypt;302;UNTSO;2544;true
EGY;Egypt;302;UNESCO;29;true
EGY;Egypt;302;UNFPA;30;true
EGY;Egypt;302;UNHCR;31;true
EGY;Egypt;302;UNICEF;32;true
EGY;Egypt;302;UNIDO;33;true
EGY;Egypt;302;UNODC;34;true
EGY;Egypt;302;UNRWA;36;true
EGY;Egypt;302;UNV;37;true
EGY;Egypt;302;WFP;39;true
EGY;Egypt;302;ICAO;4;true
EGY;Egypt;302;WHO;40;true
EGY;Egypt;302;IMF;47;true
EGY;Egypt;302;IFAD;5;true
EGY;Egypt;302;UN RCO;50;true
EGY;Egypt;302;ILO;6;true
EGY;Egypt;302;UNWTO;73;true
EGY;Egypt;302;IOM;8;true
ERI;Eritrea;336;OCHA;19;true
ERI;Eritrea;336;FAO;2;true
ERI;Eritrea;336;UNAIDS;22;true
ERI;Eritrea;336;UNS;2485;true
ERI;Eritrea;336;UNDP;25;true
ERI;Eritrea;336;UNFPA;30;true
ERI;Eritrea;336;UNHCR;31;true
ERI;Eritrea;336;UNICEF;32;true
ERI;Eritrea;336;WFP;39;true
ERI;Eritrea;336;WHO;40;true
ERI;Eritrea;336;UN RCO;50;true
ETH;Ethiopia;338;;;true
ETH;Ethiopia;338;ITU;10;true
ETH;Ethiopia;338;OHCHR;11;true
ETH;Ethiopia;338;UN ECA;14;true
ETH;Ethiopia;338;UN-HABITAT;18;true
ETH;Ethiopia;338;OCHA;19;true
ETH;Ethiopia;338;FAO;2;true
ETH;Ethiopia;338;UN Women;21;true
ETH;Ethiopia;338;UNAIDS;22;true
ETH;Ethiopia;338;UNCDF;23;true
ETH;Ethiopia;338;UNCTAD;24;true
ETH;Ethiopia;338;UNS;2485;true
ETH;Ethiopia;338;UNDP;25;true
ETH;Ethiopia;338;UNEP;28;true
ETH;Ethiopia;338;UNESCO;29;true
ETH;Ethiopia;338;UNFPA;30;true
ETH;Ethiopia;338;UNHCR;31;true
ETH;Ethiopia;338;UNICEF;32;true
ETH;Ethiopia;338;UNIDO;33;true
ETH;Ethiopia;338;UNODC;34;true
ETH;Ethiopia;338;UNOPS;35;true
ETH;Ethiopia;338;UNV;37;true
ETH;Ethiopia;338;WFP;39;true
ETH;Ethiopia;338;WHO;40;true
ETH;Ethiopia;338;WMO;42;true
ETH;Ethiopia;338;IFAD;5;true
ETH;Ethiopia;338;ILO;6;true
ETH;Ethiopia;338;IOM;8;true
ETH;Ethiopia;338;ITC;9;true
FJI;Fiji;339;;;true
FJI;Fiji;339;OHCHR;11;true
FJI;Fiji;339;UN ESCAP;16;true
FJI;Fiji;339;UN-HABITAT;18;true
FJI;Fiji;339;OCHA;19;true
FJI;Fiji;339;FAO;2;true
FJI;Fiji;339;UN Women;21;true
FJI;Fiji;339;UNAIDS;22;true
FJI;Fiji;339;UNCDF;23;true
FJI;Fiji;339;UNCTAD;24;true
FJI;Fiji;339;UNS;2485;true
FJI;Fiji;339;UNDP;25;true
FJI;Fiji;339;UNEP;28;true
FJI;Fiji;339;UNESCO;29;true
FJI;Fiji;339;UNFPA;30;true
FJI;Fiji;339;UNHCR;31;true
FJI;Fiji;339;UNICEF;32;true
FJI;Fiji;339;UNIDO;33;true
FJI;Fiji;339;UNODC;34;true
FJI;Fiji;339;UNV;37;true
FJI;Fiji;339;WFP;39;true
FJI;Fiji;339;WHO;40;true
FJI;Fiji;339;IFAD;5;true
FJI;Fiji;339;UN RCO;50;true
FJI;Fiji;339;ILO;6;true
FJI;Fiji;339;IOM;8;true
GAB;Gabon;340;World Bank;1277;true
GAB;Gabon;340;FAO;2;true
GAB;Gabon;340;UNAIDS;22;true
GAB;Gabon;340;UNS;2485;true
GAB;Gabon;340;UNDP;25;true
GAB;Gabon;340;UNESCO;29;true
GAB;Gabon;340;UNFPA;30;true
GAB;Gabon;340;UNHCR;31;true
GAB;Gabon;340;UNICEF;32;true
GAB;Gabon;340;UNIDO;33;true
GAB;Gabon;340;UNODC;34;true
GAB;Gabon;340;WHO;40;true
GAB;Gabon;340;IMF;47;true
GAB;Gabon;340;IFAD;5;true
GAB;Gabon;340;UN RCO;50;true
GAB;Gabon;340;ILO;6;true
GEO;Georgia;342;;;true
GEO;Georgia;342;OHCHR;11;true
GEO;Georgia;342;OCHA;19;true
GEO;Georgia;342;FAO;2;true
GEO;Georgia;342;UN Women;21;true
GEO;Georgia;342;UNS;2485;true
GEO;Georgia;342;UNDP;25;true
GEO;Georgia;342;UNFPA;30;true
GEO;Georgia;342;UNHCR;31;true
GEO;Georgia;342;UNICEF;32;true
GEO;Georgia;342;UNIDO;33;true
GEO;Georgia;342;UNODC;34;true
GEO;Georgia;342;UNOPS;35;true
GEO;Georgia;342;WHO;40;true
GEO;Georgia;342;UN RCO;50;true
GEO;Georgia;342;UNDPO;53;true
GEO;Georgia;342;ILO;6;true
GEO;Georgia;342;IOM;8;true
GHA;Ghana;343;UN-HABITAT;18;true
GHA;Ghana;343;FAO;2;true
GHA;Ghana;343;UNAIDS;22;true
GHA;Ghana;343;UNDSS;2275;true
GHA;Ghana;343;UNCDF;23;true
GHA;Ghana;343;UNS;2485;true
GHA;Ghana;343;UNDP;25;true
GHA;Ghana;343;UNESCO;29;true
GHA;Ghana;343;UNFPA;30;true
GHA;Ghana;343;UNHCR;31;true
GHA;Ghana;343;UNICEF;32;true
GHA;Ghana;343;UNIDO;33;true
GHA;Ghana;343;UNODC;34;true
GHA;Ghana;343;UNOPS;35;true
GHA;Ghana;343;WFP;39;true
GHA;Ghana;343;WHO;40;true
GHA;Ghana;343;IFAD;5;true
GHA;Ghana;343;UN RCO;50;true
GHA;Ghana;343;ILO;6;true
GHA;Ghana;343;UNU;69;true
GHA;Ghana;343;IMO;7;true
GHA;Ghana;343;IOM;8;true
GIN;Guinea;345;OHCHR;11;true
GIN;Guinea;345;World Bank;1277;true
GIN;Guinea;345;UN-HABITAT;18;true
GIN;Guinea;345;FAO;2;true
GIN;Guinea;345;UN Women;21;true
GIN;Guinea;345;UNAIDS;22;true
GIN;Guinea;345;UNDSS;2275;true
GIN;Guinea;345;UNCDF;23;true
GIN;Guinea;345;UNS;2485;true
GIN;Guinea;345;UNDP;25;true
GIN;Guinea;345;UNEP;28;true
GIN;Guinea;345;UNESCO;29;true
GIN;Guinea;345;UNFPA;30;true
GIN;Guinea;345;UNHCR;31;true
GIN;Guinea;345;UNICEF;32;true
GIN;Guinea;345;UNIDO;33;true
GIN;Guinea;345;UNODC;34;true
GIN;Guinea;345;UNOPS;35;true
GIN;Guinea;345;WFP;39;true
GIN;Guinea;345;WHO;40;true
GIN;Guinea;345;IMF;47;true
GIN;Guinea;345;IFAD;5;true
GIN;Guinea;345;UN RCO;50;true
GIN;Guinea;345;ILO;6;true
GIN;Guinea;345;IOM;8;true
GIN;Guinea;345;ITC;9;true
GMB;Gambia;341;OHCHR;11;true
GMB;Gambia;341;World Bank;1277;true
GMB;Gambia;341;FAO;2;true
GMB;Gambia;341;UNAIDS;22;true
GMB;Gambia;341;UNCDF;23;true
GMB;Gambia;341;UNCTAD;24;true
GMB;Gambia;341;UNS;2485;true
GMB;Gambia;341;UNDP;25;true
GMB;Gambia;341;UNEP;28;true
GMB;Gambia;341;UNESCO;29;true
GMB;Gambia;341;UNFPA;30;true
GMB;Gambia;341;UNICEF;32;true
GMB;Gambia;341;UNIDO;33;true
GMB;Gambia;341;UNODC;34;true
GMB;Gambia;341;UNOPS;35;true
GMB;Gambia;341;WFP;39;true
GMB;Gambia;341;WHO;40;true
GMB;Gambia;341;IMF;47;true
GMB;Gambia;341;UN RCO;50;true
GMB;Gambia;341;IOM;8;true
GMB;Gambia;341;ITC;9;true
GNB;Guinea-Bissau;401;OHCHR;11;true
GNB;Guinea-Bissau;401;World Bank;1277;true
GNB;Guinea-Bissau;401;UN-HABITAT;18;true
GNB;Guinea-Bissau;401;OCHA;19;true
GNB;Guinea-Bissau;401;FAO;2;true
GNB;Guinea-Bissau;401;UN Women;21;true
GNB;Guinea-Bissau;401;UNAIDS;22;true
GNB;Guinea-Bissau;401;UNS;2485;true
GNB;Guinea-Bissau;401;UNDP;25;true
GNB;Guinea-Bissau;401;UNESCO;29;true
GNB;Guinea-Bissau;401;UNFPA;30;true
GNB;Guinea-Bissau;401;UNHCR;31;true
GNB;Guinea-Bissau;401;UNICEF;32;true
GNB;Guinea-Bissau;401;UNIDO;33;true
GNB;Guinea-Bissau;401;UNODC;34;true
GNB;Guinea-Bissau;401;UNOPS;35;true
GNB;Guinea-Bissau;401;WFP;39;true
GNB;Guinea-Bissau;401;WHO;40;true
GNB;Guinea-Bissau;401;IMF;47;true
GNB;Guinea-Bissau;401;UN RCO;50;true
GNB;Guinea-Bissau;401;UNDPO;53;true
GNB;Guinea-Bissau;401;ILO;6;true
GNB;Guinea-Bissau;401;IMO;7;true
GNQ;Equatorial Guinea;335;FAO;2;true
GNQ;Equatorial Guinea;335;UNAIDS;22;true
GNQ;Equatorial Guinea;335;UNS;2485;true
GNQ;Equatorial Guinea;335;UNDP;25;true
GNQ;Equatorial Guinea;335;UNFPA;30;true
GNQ;Equatorial Guinea;335;UNICEF;32;true
GNQ;Equatorial Guinea;335;WHO;40;true
GNQ;Equatorial Guinea;335;UN RCO;50;true
GTM;Guatemala;344;OHCHR;11;true
GTM;Guatemala;344;UN Women;21;true
GTM;Guatemala;344;UNAIDS;22;true
GTM;Guatemala;344;UNDSS;2275;true
GTM;Guatemala;344;UNS;2485;true
GTM;Guatemala;344;UNDP;25;true
GTM;Guatemala;344;UNESCO;29;true
GTM;Guatemala;344;UNFPA;30;true
GTM;Guatemala;344;UNHCR;31;true
GTM;Guatemala;344;UNICEF;32;true
GTM;Guatemala;344;UNODC;34;true
GTM;Guatemala;344;UNOPS;35;true
GTM;Guatemala;344;WFP;39;true
GTM;Guatemala;344;IFAD;5;true
GTM;Guatemala;344;UN RCO;50;true
GTM;Guatemala;344;IOM;8;true
GTM;Guatemala;344;PAHO;962;true
GUY;Guyana;346;World Bank;1277;true
GUY;Guyana;346;FAO;2;true
GUY;Guyana;346;UN Women;21;true
GUY;Guyana;346;UNAIDS;22;true
GUY;Guyana;346;UNS;2485;true
GUY;Guyana;346;UNDP;25;true
GUY;Guyana;346;UNEP;28;true
GUY;Guyana;346;UNFPA;30;true
GUY;Guyana;346;UNHCR;31;true
GUY;Guyana;346;UNICEF;32;true
GUY;Guyana;346;WFP;39;true
GUY;Guyana;346;UN RCO;50;true
GUY;Guyana;346;IOM;8;true
GUY;Guyana;346;PAHO;962;true
HND;Honduras;348;ITU;10;true
HND;Honduras;348;OHCHR;11;true
HND;Honduras;348;FAO;2;true
HND;Honduras;348;UN Women;21;true
HND;Honduras;348;UNDSS;2275;true
HND;Honduras;348;UNS;2485;true
HND;Honduras;348;UNDP;25;true
HND;Honduras;348;UNFPA;30;true
HND;Honduras;348;UNHCR;31;true
HND;Honduras;348;UNICEF;32;true
HND;Honduras;348;UNODC;34;true
HND;Honduras;348;UNOPS;35;true
HND;Honduras;348;UNV;37;true
HND;Honduras;348;WFP;39;true
HND;Honduras;348;UN RCO;50;true
HND;Honduras;348;ILO;6;true
HND;Honduras;348;IOM;8;true
HND;Honduras;348;PAHO;962;true
HTI;Haiti;347;OCHA;19;true
HTI;Haiti;347;FAO;2;true
HTI;Haiti;347;UN Women;21;true
HTI;Haiti;347;UNAIDS;22;true
HTI;Haiti;347;UNDSS;2275;true
HTI;Haiti;347;UNS;2485;true
HTI;Haiti;347;UNDP;25;true
HTI;Haiti;347;UNEP;28;true
HTI;Haiti;347;UNESCO;29;true
HTI;Haiti;347;UNFPA;30;true
HTI;Haiti;347;UNICEF;32;true
HTI;Haiti;347;UNOPS;35;true
HTI;Haiti;347;WFP;39;true
HTI;Haiti;347;WHO;40;true
HTI;Haiti;347;UN RCO;50;true
HTI;Haiti;347;ILO;6;true
HTI;Haiti;347;IOM;8;true
HTI;Haiti;347;PAHO;962;true
IDN;Indonesia;403;ITU;10;true
IDN;Indonesia;403;OCHA;19;true
IDN;Indonesia;403;FAO;2;true
IDN;Indonesia;403;UN Women;21;true
IDN;Indonesia;403;UNAIDS;22;true
IDN;Indonesia;403;UNDSS;2275;true
IDN;Indonesia;403;DGC;2459;true
IDN;Indonesia;403;UNS;2485;true
IDN;Indonesia;403;UNDP;25;true
IDN;Indonesia;403;UNEP;28;true
IDN;Indonesia;403;UNESCO;29;true
IDN;Indonesia;403;UNFPA;30;true
IDN;Indonesia;403;UNHCR;31;true
IDN;Indonesia;403;UNICEF;32;true
IDN;Indonesia;403;UNIDO;33;true
IDN;Indonesia;403;UNODC;34;true
IDN;Indonesia;403;UNOPS;35;true
IDN;Indonesia;403;WFP;39;true
IDN;Indonesia;403;WHO;40;true
IDN;Indonesia;403;IFAD;5;true
IDN;Indonesia;403;UN RCO;50;true
IDN;Indonesia;403;ILO;6;true
IDN;Indonesia;403;IOM;8;true
IND;India;402;;;true
IND;India;402;World Bank;1277;true
IND;India;402;UN ESCAP;16;true
IND;India;402;UN-HABITAT;18;true
IND;India;402;FAO;2;true
IND;India;402;UN Women;21;true
IND;India;402;UNAIDS;22;true
IND;India;402;UNDSS;2275;true
IND;India;402;DGC;2459;true
IND;India;402;UNS;2485;true
IND;India;402;UNDP;25;true
IND;India;402;UNEP;28;true
IND;India;402;UNESCO;29;true
IND;India;402;UNFPA;30;true
IND;India;402;UNHCR;31;true
IND;India;402;UNICEF;32;true
IND;India;402;UNIDO;33;true
IND;India;402;UNODC;34;true
IND;India;402;UNOPS;35;true
IND;India;402;UNV;37;true
IND;India;402;WFP;39;true
IND;India;402;WHO;40;true
IND;India;402;IMF;47;true
IND;India;402;IFAD;5;true
IND;India;402;UN RCO;50;true
IND;India;402;UNDPO;53;true
IND;India;402;ILO;6;true
IND;India;402;IOM;8;true
IRN;Iran;404;;;true
IRN;Iran;404;UN ESCAP;16;true
IRN;Iran;404;UN-HABITAT;18;true
IRN;Iran;404;OCHA;19;true
IRN;Iran;404;FAO;2;true
IRN;Iran;404;UNAIDS;22;true
IRN;Iran;404;UNDSS;2275;true
IRN;Iran;404;UNS;2485;true
IRN;Iran;404;UNAMA;2492;true
IRN;Iran;404;UNAMI;2493;true
IRN;Iran;404;UNDP;25;true
IRN;Iran;404;UNESCO;29;true
IRN;Iran;404;UNFPA;30;true
IRN;Iran;404;UNHCR;31;true
IRN;Iran;404;UNICEF;32;true
IRN;Iran;404;UNIDO;33;true
IRN;Iran;404;UNODC;34;true
IRN;Iran;404;WFP;39;true
IRN;Iran;404;WHO;40;true
IRN;Iran;404;UN RCO;50;true
IRN;Iran;404;IOM;8;true
IRQ;Iraq;349;;;true
IRQ;Iraq;349;OHCHR;11;true
IRQ;Iraq;349;UN-HABITAT;18;true
IRQ;Iraq;349;OCHA;19;true
IRQ;Iraq;349;FAO;2;true
IRQ;Iraq;349;UN Women;21;true
IRQ;Iraq;349;UNS;2485;true
IRQ;Iraq;349;UNDP;25;true
IRQ;Iraq;349;UNEP;28;true
IRQ;Iraq;349;UNESCO;29;true
IRQ;Iraq;349;UNFPA;30;true
IRQ;Iraq;349;UNHCR;31;true
IRQ;Iraq;349;UNICEF;32;true
IRQ;Iraq;349;UNIDO;33;true
IRQ;Iraq;349;UNODC;34;true
IRQ;Iraq;349;UNOPS;35;true
IRQ;Iraq;349;UNV;37;true
IRQ;Iraq;349;WFP;39;true
IRQ;Iraq;349;WHO;40;true
IRQ;Iraq;349;UNDPO;53;true
IRQ;Iraq;349;ILO;6;true
IRQ;Iraq;349;IOM;8;true
IRQ;Iraq;349;ITC;9;true
JAM;Jamaica;350;ISA;17208;true
JAM;Jamaica;350;FAO;2;true
JAM;Jamaica;350;UN Women;21;true
JAM;Jamaica;350;UNAIDS;22;true
JAM;Jamaica;350;UNDSS;2275;true
JAM;Jamaica;350;UNS;2485;true
JAM;Jamaica;350;UNDP;25;true
JAM;Jamaica;350;UNEP;28;true
JAM;Jamaica;350;UNESCO;29;true
JAM;Jamaica;350;UNFPA;30;true
JAM;Jamaica;350;UNICEF;32;true
JAM;Jamaica;350;WFP;39;true
JAM;Jamaica;350;UN RCO;50;true
JAM;Jamaica;350;IOM;8;true
JOR;Jordan;351;UN-HABITAT;18;true
JOR;Jordan;351;OCHA;19;true
JOR;Jordan;351;FAO;2;true
JOR;Jordan;351;UN Women;21;true
JOR;Jordan;351;UNS;2485;true
JOR;Jordan;351;UNDP;25;true
JOR;Jordan;351;UNESCO;29;true
JOR;Jordan;351;UNFPA;30;true
JOR;Jordan;351;UNHCR;31;true
JOR;Jordan;351;UNICEF;32;true
JOR;Jordan;351;UNIDO;33;true
JOR;Jordan;351;UNODC;34;true
JOR;Jordan;351;UNOPS;35;true
JOR;Jordan;351;UNRWA;36;true
JOR;Jordan;351;WFP;39;true
JOR;Jordan;351;WHO;40;true
JOR;Jordan;351;UN RCO;50;true
JOR;Jordan;351;ILO;6;true
JOR;Jordan;351;IOM;8;true
KAZ;Kazakhstan;417;OHCHR;11;true
KAZ;Kazakhstan;417;UN ESCAP;16;true
KAZ;Kazakhstan;417;FAO;2;true
KAZ;Kazakhstan;417;UN Women;21;true
KAZ;Kazakhstan;417;UNAIDS;22;true
KAZ;Kazakhstan;417;UNDSS;2275;true
KAZ;Kazakhstan;417;DGC;2459;true
KAZ;Kazakhstan;417;UNS;2485;true
KAZ;Kazakhstan;417;UNDP;25;true
KAZ;Kazakhstan;417;UNRCCA;2531;true
KAZ;Kazakhstan;417;UNEP;28;true
KAZ;Kazakhstan;417;UNESCO;29;true
KAZ;Kazakhstan;417;UNFPA;30;true
KAZ;Kazakhstan;417;UNHCR;31;true
KAZ;Kazakhstan;417;UNICEF;32;true
KAZ;Kazakhstan;417;UNODC;34;true
KAZ;Kazakhstan;417;UNV;37;true
KAZ;Kazakhstan;417;WHO;40;true
KAZ;Kazakhstan;417;UN RCO;50;true
KAZ;Kazakhstan;417;ILO;6;true
KAZ;Kazakhstan;417;IOM;8;true
KEN;Kenya;418;;;true
KEN;Kenya;418;UN-HABITAT;18;true
KEN;Kenya;418;OCHA;19;true
KEN;Kenya;418;FAO;2;true
KEN;Kenya;418;UN Women;21;true
KEN;Kenya;418;UNAIDS;22;true
KEN;Kenya;418;UNS;2485;true
KEN;Kenya;418;UNDP;25;true
KEN;Kenya;418;UNON;2523;true
KEN;Kenya;418;UNEP;28;true
KEN;Kenya;418;UNSOS;28383;true
KEN;Kenya;418;UNESCO;29;true
KEN;Kenya;418;UNFPA;30;true
KEN;Kenya;418;UNHCR;31;true
KEN;Kenya;418;UNICEF;32;true
KEN;Kenya;418;UNIDO;33;true
KEN;Kenya;418;UNODC;34;true
KEN;Kenya;418;UNOPS;35;true
KEN;Kenya;418;WFP;39;true
KEN;Kenya;418;ICAO;4;true
KEN;Kenya;418;WHO;40;true
KEN;Kenya;418;WMO;42;true
KEN;Kenya;418;IFAD;5;true
KEN;Kenya;418;UN RCO;50;true
KEN;Kenya;418;ILO;6;true
KEN;Kenya;418;IMO;7;true
KEN;Kenya;418;IOM;8;true
KGZ;Kyrgyzstan;353;OHCHR;11;true
KGZ;Kyrgyzstan;353;FAO;2;true
KGZ;Kyrgyzstan;353;UN Women;21;true
KGZ;Kyrgyzstan;353;UNAIDS;22;true
KGZ;Kyrgyzstan;353;UNS;2485;true
KGZ;Kyrgyzstan;353;UNDP;25;true
KGZ;Kyrgyzstan;353;UNFPA;30;true
KGZ;Kyrgyzstan;353;UNHCR;31;true
KGZ;Kyrgyzstan;353;UNICEF;32;true
KGZ;Kyrgyzstan;353;UNIDO;33;true
KGZ;Kyrgyzstan;353;UNODC;34;true
KGZ;Kyrgyzstan;353;WFP;39;true
KGZ;Kyrgyzstan;353;WHO;40;true
KGZ;Kyrgyzstan;353;UN RCO;50;true
KGZ;Kyrgyzstan;353;IOM;8;true
KHM;Cambodia;320;OHCHR;11;true
KHM;Cambodia;320;World Bank;1277;true
KHM;Cambodia;320;UN-HABITAT;18;true
KHM;Cambodia;320;FAO;2;true
KHM;Cambodia;320;UN Women;21;true
KHM;Cambodia;320;UNAIDS;22;true
KHM;Cambodia;320;UNCDF;23;true
KHM;Cambodia;320;UNS;2485;true
KHM;Cambodia;320;UNDP;25;true
KHM;Cambodia;320;UNEP;28;true
KHM;Cambodia;320;UNESCO;29;true
KHM;Cambodia;320;IAEA;3;true
KHM;Cambodia;320;UNFPA;30;true
KHM;Cambodia;320;UNHCR;31;true
KHM;Cambodia;320;UNICEF;32;true
KHM;Cambodia;320;UNIDO;33;true
KHM;Cambodia;320;UNODC;34;true
KHM;Cambodia;320;UNOPS;35;true
KHM;Cambodia;320;UNV;37;true
KHM;Cambodia;320;WFP;39;true
KHM;Cambodia;320;WHO;40;true
KHM;Cambodia;320;IMF;47;true
KHM;Cambodia;320;IFAD;5;true
KHM;Cambodia;320;ILO;6;true
KHM;Cambodia;320;IOM;8;true
KHM;Cambodia;320;ITC;9;true
KWT;Kuwait;352;UN-HABITAT;18;true
KWT;Kuwait;352;OCHA;19;true
KWT;Kuwait;352;UNDSS;2275;true
KWT;Kuwait;352;UNS;2485;true
KWT;Kuwait;352;UNDP;25;true
KWT;Kuwait;352;UNHCR;31;true
KWT;Kuwait;352;UNICEF;32;true
KWT;Kuwait;352;WFP;39;true
KWT;Kuwait;352;WHO;40;true
KWT;Kuwait;352;UN RCO;50;true
KWT;Kuwait;352;ILO;6;true
KWT;Kuwait;352;IOM;8;true
LAO;Lao PDR;406;UN-HABITAT;18;true
LAO;Lao PDR;406;FAO;2;true
LAO;Lao PDR;406;UNAIDS;22;true
LAO;Lao PDR;406;UNCDF;23;true
LAO;Lao PDR;406;UNS;2485;true
LAO;Lao PDR;406;UNDP;25;true
LAO;Lao PDR;406;UNESCO;29;true
LAO;Lao PDR;406;UNFPA;30;true
LAO;Lao PDR;406;UNICEF;32;true
LAO;Lao PDR;406;UNIDO;33;true
LAO;Lao PDR;406;UNODC;34;true
LAO;Lao PDR;406;UNOPS;35;true
LAO;Lao PDR;406;UNV;37;true
LAO;Lao PDR;406;WFP;39;true
LAO;Lao PDR;406;WHO;40;true
LAO;Lao PDR;406;IMF;47;true
LAO;Lao PDR;406;IFAD;5;true
LAO;Lao PDR;406;UN RCO;50;true
LAO;Lao PDR;406;ILO;6;true
LAO;Lao PDR;406;IOM;8;true
LAO;Lao PDR;406;ITC;9;true
LBN;Lebanon;354;;;true
LBN;Lebanon;354;OHCHR;11;true
LBN;Lebanon;354;World Bank;1277;true
LBN;Lebanon;354;UN ESCWA;17;true
LBN;Lebanon;354;UN-HABITAT;18;true
LBN;Lebanon;354;OCHA;19;true
LBN;Lebanon;354;FAO;2;true
LBN;Lebanon;354;UN Women;21;true
LBN;Lebanon;354;UNS;2485;true
LBN;Lebanon;354;UNDP;25;true
LBN;Lebanon;354;UNTSO;2544;true
LBN;Lebanon;354;UNEP;28;true
LBN;Lebanon;354;UNESCO;29;true
LBN;Lebanon;354;UNFPA;30;true
LBN;Lebanon;354;UNHCR;31;true
LBN;Lebanon;354;UNSCOL;31166;true
LBN;Lebanon;354;UNICEF;32;true
LBN;Lebanon;354;UNIDO;33;true
LBN;Lebanon;354;UNODC;34;true
LBN;Lebanon;354;UNOPS;35;true
LBN;Lebanon;354;UNRWA;36;true
LBN;Lebanon;354;UNV;37;true
LBN;Lebanon;354;WFP;39;true
LBN;Lebanon;354;WHO;40;true
LBN;Lebanon;354;IMF;47;true
LBN;Lebanon;354;UN RCO;50;true
LBN;Lebanon;354;UNDPO;53;true
LBN;Lebanon;354;ILO;6;true
LBN;Lebanon;354;IOM;8;true
LBR;Liberia;407;OHCHR;11;true
LBR;Liberia;407;World Bank;1277;true
LBR;Liberia;407;FAO;2;true
LBR;Liberia;407;UN Women;21;true
LBR;Liberia;407;UNAIDS;22;true
LBR;Liberia;407;UNDSS;2275;true
LBR;Liberia;407;UNS;2485;true
LBR;Liberia;407;UNDP;25;true
LBR;Liberia;407;UNESCO;29;true
LBR;Liberia;407;UNFPA;30;true
LBR;Liberia;407;UNHCR;31;true
LBR;Liberia;407;UNICEF;32;true
LBR;Liberia;407;UNIDO;33;true
LBR;Liberia;407;UNODC;34;true
LBR;Liberia;407;UNOPS;35;true
LBR;Liberia;407;UNV;37;true
LBR;Liberia;407;WFP;39;true
LBR;Liberia;407;WHO;40;true
LBR;Liberia;407;IMF;47;true
LBR;Liberia;407;UN RCO;50;true
LBR;Liberia;407;ILO;6;true
LBR;Liberia;407;IOM;8;true
LBY;Libya;408;OHCHR;11;true
LBY;Libya;408;OCHA;19;true
LBY;Libya;408;UN Women;21;true
LBY;Libya;408;UNDSS;2275;true
LBY;Libya;408;UNS;2485;true
LBY;Libya;408;UNDP;25;true
LBY;Libya;408;UNSMIL;2539;true
LBY;Libya;408;UNFPA;30;true
LBY;Libya;408;UNHCR;31;true
LBY;Libya;408;UNICEF;32;true
LBY;Libya;408;UNODC;34;true
LBY;Libya;408;UNOPS;35;true
LBY;Libya;408;WFP;39;true
LBY;Libya;408;WHO;40;true
LBY;Libya;408;UN RCO;50;true
LBY;Libya;408;IOM;8;true
LKA;Sri Lanka;412;OHCHR;11;true
LKA;Sri Lanka;412;UN-HABITAT;18;true
LKA;Sri Lanka;412;FAO;2;true
LKA;Sri Lanka;412;UN Women;21;true
LKA;Sri Lanka;412;UNDSS;2275;true
LKA;Sri Lanka;412;UNS;2485;true
LKA;Sri Lanka;412;UNDP;25;true
LKA;Sri Lanka;412;UNFPA;30;true
LKA;Sri Lanka;412;UNHCR;31;true
LKA;Sri Lanka;412;UNICEF;32;true
LKA;Sri Lanka;412;UNIDO;33;true
LKA;Sri Lanka;412;UNODC;34;true
LKA;Sri Lanka;412;UNOPS;35;true
LKA;Sri Lanka;412;UNV;37;true
LKA;Sri Lanka;412;WFP;39;true
LKA;Sri Lanka;412;WHO;40;true
LKA;Sri Lanka;412;UN RCO;50;true
LKA;Sri Lanka;412;ILO;6;true
LKA;Sri Lanka;412;IOM;8;true
LSO;Lesotho;355;World Bank;1277;true
LSO;Lesotho;355;FAO;2;true
LSO;Lesotho;355;UNAIDS;22;true
LSO;Lesotho;355;UNDSS;2275;true
LSO;Lesotho;355;UNS;2485;true
LSO;Lesotho;355;UNDP;25;true
LSO;Lesotho;355;UNFPA;30;true
LSO;Lesotho;355;UNICEF;32;true
LSO;Lesotho;355;WFP;39;true
LSO;Lesotho;355;WHO;40;true
LSO;Lesotho;355;UN RCO;50;true
LSO;Lesotho;355;IOM;8;true
MAR;Morocco;420;UN ECA;14;true
MAR;Morocco;420;UN-HABITAT;18;true
MAR;Morocco;420;FAO;2;true
MAR;Morocco;420;UN Women;21;true
MAR;Morocco;420;UNAIDS;22;true
MAR;Morocco;420;UNS;2485;true
MAR;Morocco;420;UNDP;25;true
MAR;Morocco;420;UNESCO;29;true
MAR;Morocco;420;UNFPA;30;true
MAR;Morocco;420;UNHCR;31;true
MAR;Morocco;420;UNICEF;32;true
MAR;Morocco;420;UNOPS;35;true
MAR;Morocco;420;WFP;39;true
MAR;Morocco;420;WHO;40;true
MAR;Morocco;420;IFAD;5;true
MAR;Morocco;420;UN RCO;50;true
MAR;Morocco;420;IOM;8;true
MDA;Moldova;376;OHCHR;11;true
MDA;Moldova;376;FAO;2;true
MDA;Moldova;376;UN Women;21;true
MDA;Moldova;376;UNAIDS;22;true
MDA;Moldova;376;UNS;2485;true
MDA;Moldova;376;UNDP;25;true
MDA;Moldova;376;UNFPA;30;true
MDA;Moldova;376;UNHCR;31;true
MDA;Moldova;376;UNICEF;32;true
MDA;Moldova;376;UNODC;34;true
MDA;Moldova;376;WFP;39;true
MDA;Moldova;376;WHO;40;true
MDA;Moldova;376;ILO;6;true
MDA;Moldova;376;IOM;8;true
MDG;Madagascar;356;OHCHR;11;true
MDG;Madagascar;356;OCHA;19;true
MDG;Madagascar;356;FAO;2;true
MDG;Madagascar;356;UNAIDS;22;true
MDG;Madagascar;356;UNCDF;23;true
MDG;Madagascar;356;UNS;2485;true
MDG;Madagascar;356;UNDP;25;true
MDG;Madagascar;356;UNESCO;29;true
MDG;Madagascar;356;UNFPA;30;true
MDG;Madagascar;356;UNICEF;32;true
MDG;Madagascar;356;UNIDO;33;true
MDG;Madagascar;356;WFP;39;true
MDG;Madagascar;356;WHO;40;true
MDG;Madagascar;356;UN RCO;50;true
MDG;Madagascar;356;ILO;6;true
MDG;Madagascar;356;IOM;8;true
MDV;Maldives;358;World Bank;1277;true
MDV;Maldives;358;UN ESCAP;16;true
MDV;Maldives;358;FAO;2;true
MDV;Maldives;358;UNS;2485;true
MDV;Maldives;358;UNDP;25;true
MDV;Maldives;358;UNEP;28;true
MDV;Maldives;358;UNESCO;29;true
MDV;Maldives;358;UNFPA;30;true
MDV;Maldives;358;UNHCR;31;true
MDV;Maldives;358;UNICEF;32;true
MDV;Maldives;358;UNIDO;33;true
MDV;Maldives;358;UNODC;34;true
MDV;Maldives;358;UNOPS;35;true
MDV;Maldives;358;WHO;40;true
MDV;Maldives;358;IFAD;5;true
MDV;Maldives;358;UN RCO;50;true
MDV;Maldives;358;ILO;6;true
MDV;Maldives;358;IOM;8;true
MEX;Mexico;362;OHCHR;11;true
MEX;Mexico;362;UN ECLAC;15;true
MEX;Mexico;362;UN-HABITAT;18;true
MEX;Mexico;362;OCHA;19;true
MEX;Mexico;362;FAO;2;true
MEX;Mexico;362;UN Women;21;true
MEX;Mexico;362;DGC;2459;true
MEX;Mexico;362;UNS;2485;true
MEX;Mexico;362;UNDP;25;true
MEX;Mexico;362;UNEP;28;true
MEX;Mexico;362;UNESCO;29;true
MEX;Mexico;362;UNFPA;30;true
MEX;Mexico;362;UNHCR;31;true
MEX;Mexico;362;UNICEF;32;true
MEX;Mexico;362;UNIDO;33;true
MEX;Mexico;362;UNODC;34;true
MEX;Mexico;362;UNOPS;35;true
MEX;Mexico;362;ICAO;4;true
MEX;Mexico;362;UN RCO;50;true
MEX;Mexico;362;ILO;6;true
MEX;Mexico;362;IOM;8;true
MEX;Mexico;362;PAHO;962;true
MKD;North Macedonia;370;OHCHR;11;true
MKD;North Macedonia;370;FAO;2;true
MKD;North Macedonia;370;UN Women;21;true
MKD;North Macedonia;370;UNS;2485;true
MKD;North Macedonia;370;UNDP;25;true
MKD;North Macedonia;370;UNFPA;30;true
MKD;North Macedonia;370;UNHCR;31;true
MKD;North Macedonia;370;UNICEF;32;true
MKD;North Macedonia;370;UNODC;34;true
MKD;North Macedonia;370;UNOPS;35;true
MKD;North Macedonia;370;WHO;40;true
MKD;North Macedonia;370;UN RCO;50;true
MKD;North Macedonia;370;ILO;6;true
MKD;North Macedonia;370;IOM;8;true
MLI;Mali;359;OHCHR;11;true
MLI;Mali;359;World Bank;1277;true
MLI;Mali;359;OCHA;19;true
MLI;Mali;359;FAO;2;true
MLI;Mali;359;UN Women;21;true
MLI;Mali;359;UNAIDS;22;true
MLI;Mali;359;UNCDF;23;true
MLI;Mali;359;UNS;2485;true
MLI;Mali;359;UNDP;25;true
MLI;Mali;359;UNESCO;29;true
MLI;Mali;359;UNFPA;30;true
MLI;Mali;359;UNHCR;31;true
MLI;Mali;359;UNICEF;32;true
MLI;Mali;359;UNIDO;33;true
MLI;Mali;359;UNODC;34;true
MLI;Mali;359;UNOPS;35;true
MLI;Mali;359;UNV;37;true
MLI;Mali;359;WFP;39;true
MLI;Mali;359;WHO;40;true
MLI;Mali;359;IMF;47;true
MLI;Mali;359;IFAD;5;true
MLI;Mali;359;UN RCO;50;true
MLI;Mali;359;ILO;6;true
MLI;Mali;359;IOM;8;true
MMR;Myanmar;366;UN-HABITAT;18;true
MMR;Myanmar;366;OCHA;19;true
MMR;Myanmar;366;FAO;2;true
MMR;Myanmar;366;UN Women;21;true
MMR;Myanmar;366;UNAIDS;22;true
MMR;Myanmar;366;UNDSS;2275;true
MMR;Myanmar;366;UNS;2485;true
MMR;Myanmar;366;UNDP;25;true
MMR;Myanmar;366;UNESCO;29;true
MMR;Myanmar;366;UNFPA;30;true
MMR;Myanmar;366;UNHCR;31;true
MMR;Myanmar;366;UNICEF;32;true
MMR;Myanmar;366;UNODC;34;true
MMR;Myanmar;366;UNOPS;35;true
MMR;Myanmar;366;WFP;39;true
MMR;Myanmar;366;WHO;40;true
MMR;Myanmar;366;UN RCO;50;true
MMR;Myanmar;366;ILO;6;true
MMR;Myanmar;366;IOM;8;true
MNE;Montenegro;364;UNS;2485;true
MNE;Montenegro;364;UNDP;25;true
MNE;Montenegro;364;UNEP;28;true
MNE;Montenegro;364;UNHCR;31;true
MNE;Montenegro;364;UNICEF;32;true
MNE;Montenegro;364;UNIDO;33;true
MNE;Montenegro;364;UNOPS;35;true
MNE;Montenegro;364;WHO;40;true
MNE;Montenegro;364;UN RCO;50;true
MNE;Montenegro;364;ILO;6;true
MNE;Montenegro;364;IOM;8;true
MNG;Mongolia;363;UN-HABITAT;18;true
MNG;Mongolia;363;FAO;2;true
MNG;Mongolia;363;UNDSS;2275;true
MNG;Mongolia;363;UNS;2485;true
MNG;Mongolia;363;UNDP;25;true
MNG;Mongolia;363;UNFPA;30;true
MNG;Mongolia;363;UNHCR;31;true
MNG;Mongolia;363;UNICEF;32;true
MNG;Mongolia;363;WHO;40;true
MNG;Mongolia;363;UN RCO;50;true
MNG;Mongolia;363;ILO;6;true
MNG;Mongolia;363;IOM;8;true
MOZ;Mozambique;365;OHCHR;11;true
MOZ;Mozambique;365;World Bank;1277;true
MOZ;Mozambique;365;UN ECA;14;true
MOZ;Mozambique;365;UN-HABITAT;18;true
MOZ;Mozambique;365;OCHA;19;true
MOZ;Mozambique;365;FAO;2;true
MOZ;Mozambique;365;UN Women;21;true
MOZ;Mozambique;365;UNAIDS;22;true
MOZ;Mozambique;365;UNDSS;2275;true
MOZ;Mozambique;365;UNCDF;23;true
MOZ;Mozambique;365;UNCTAD;24;true
MOZ;Mozambique;365;UNS;2485;true
MOZ;Mozambique;365;UNDP;25;true
MOZ;Mozambique;365;UNEP;28;true
MOZ;Mozambique;365;UNESCO;29;true
MOZ;Mozambique;365;UNFPA;30;true
MOZ;Mozambique;365;UNHCR;31;true
MOZ;Mozambique;365;UNICEF;32;true
MOZ;Mozambique;365;UNIDO;33;true
MOZ;Mozambique;365;UNODC;34;true
MOZ;Mozambique;365;UNOPS;35;true
MOZ;Mozambique;365;UNV;37;true
MOZ;Mozambique;365;WFP;39;true
MOZ;Mozambique;365;WHO;40;true
MOZ;Mozambique;365;WMO;42;true
MOZ;Mozambique;365;IFAD;5;true
MOZ;Mozambique;365;UN RCO;50;true
MOZ;Mozambique;365;ILO;6;true
MOZ;Mozambique;365;IOM;8;true
MOZ;Mozambique;365;ITC;9;true
MRT;Mauritania;360;OHCHR;11;true
MRT;Mauritania;360;World Bank;1277;true
MRT;Mauritania;360;FAO;2;true
MRT;Mauritania;360;UNAIDS;22;true
MRT;Mauritania;360;UNDSS;2275;true
MRT;Mauritania;360;UNOWAS;23119;true
MRT;Mauritania;360;UNS;2485;true
MRT;Mauritania;360;UNDP;25;true
MRT;Mauritania;360;UNESCO;29;true
MRT;Mauritania;360;UNFPA;30;true
MRT;Mauritania;360;UNHCR;31;true
MRT;Mauritania;360;UNICEF;32;true
MRT;Mauritania;360;UNODC;34;true
MRT;Mauritania;360;WFP;39;true
MRT;Mauritania;360;WHO;40;true
MRT;Mauritania;360;IMF;47;true
MRT;Mauritania;360;UN RCO;50;true
MRT;Mauritania;360;UNDPO;53;true
MRT;Mauritania;360;ILO;6;true
MRT;Mauritania;360;IOM;8;true
MUS;Mauritius;361;OHCHR;11;true
MUS;Mauritius;361;UN ECA;14;true
MUS;Mauritius;361;FAO;2;true
MUS;Mauritius;361;UN Women;21;true
MUS;Mauritius;361;UNAIDS;22;true
MUS;Mauritius;361;UNS;2485;true
MUS;Mauritius;361;UNDP;25;true
MUS;Mauritius;361;UNEP;28;true
MUS;Mauritius;361;UNESCO;29;true
MUS;Mauritius;361;IAEA;3;true
MUS;Mauritius;361;UNFPA;30;true
MUS;Mauritius;361;UNHCR;31;true
MUS;Mauritius;361;UNIDO;33;true
MUS;Mauritius;361;UNODC;34;true
MUS;Mauritius;361;WHO;40;true
MUS;Mauritius;361;IFAD;5;true
MUS;Mauritius;361;UN RCO;50;true
MUS;Mauritius;361;ILO;6;true
MUS;Mauritius;361;UNWTO;73;true
MUS;Mauritius;361;IOM;8;true
MWI;Malawi;419;FAO;2;true
MWI;Malawi;419;UN Women;21;true
MWI;Malawi;419;UNAIDS;22;true
MWI;Malawi;419;UNDSS;2275;true
MWI;Malawi;419;UNS;2485;true
MWI;Malawi;419;UNDP;25;true
MWI;Malawi;419;UNFPA;30;true
MWI;Malawi;419;UNHCR;31;true
MWI;Malawi;419;UNICEF;32;true
MWI;Malawi;419;WFP;39;true
MWI;Malawi;419;WHO;40;true
MWI;Malawi;419;IFAD;5;true
MWI;Malawi;419;UN RCO;50;true
MWI;Malawi;419;ILO;6;true
MWI;Malawi;419;IOM;8;true
MYS;Malaysia;357;UNCTAD;24;true
MYS;Malaysia;357;UNS;2485;true
MYS;Malaysia;357;UNDP;25;true
MYS;Malaysia;357;UNFPA;30;true
MYS;Malaysia;357;UNHCR;31;true
MYS;Malaysia;357;UNICEF;32;true
MYS;Malaysia;357;UNODC;34;true
MYS;Malaysia;357;WFP;39;true
MYS;Malaysia;357;WHO;40;true
MYS;Malaysia;357;UN RCO;50;true
MYS;Malaysia;357;ILO;6;true
MYS;Malaysia;357;UNU;69;true
MYS;Malaysia;357;IOM;8;true
NAM;Namibia;409;;;true
NAM;Namibia;409;FAO;2;true
NAM;Namibia;409;UNAIDS;22;true
NAM;Namibia;409;UNDSS;2275;true
NAM;Namibia;409;UNS;2485;true
NAM;Namibia;409;UNDP;25;true
NAM;Namibia;409;UNESCO;29;true
NAM;Namibia;409;UNFPA;30;true
NAM;Namibia;409;UNHCR;31;true
NAM;Namibia;409;UNICEF;32;true
NAM;Namibia;409;UNODC;34;true
NAM;Namibia;409;WFP;39;true
NAM;Namibia;409;WHO;40;true
NAM;Namibia;409;UN RCO;50;true
NAM;Namibia;409;IOM;8;true
NER;Niger;368;OHCHR;11;true
NER;Niger;368;World Bank;1277;true
NER;Niger;368;UN ECA;14;true
NER;Niger;368;UN-HABITAT;18;true
NER;Niger;368;OCHA;19;true
NER;Niger;368;FAO;2;true
NER;Niger;368;UN Women;21;true
NER;Niger;368;UNAIDS;22;true
NER;Niger;368;UNDSS;2275;true
NER;Niger;368;UNCDF;23;true
NER;Niger;368;UNS;2485;true
NER;Niger;368;UNDP;25;true
NER;Niger;368;UNEP;28;true
NER;Niger;368;UNESCO;29;true
NER;Niger;368;UNFPA;30;true
NER;Niger;368;UNHCR;31;true
NER;Niger;368;UNICEF;32;true
NER;Niger;368;UNODC;34;true
NER;Niger;368;UNOPS;35;true
NER;Niger;368;UNV;37;true
NER;Niger;368;WFP;39;true
NER;Niger;368;WHO;40;true
NER;Niger;368;IMF;47;true
NER;Niger;368;IFAD;5;true
NER;Niger;368;UN RCO;50;true
NER;Niger;368;ILO;6;true
NER;Niger;368;IOM;8;true
NGA;Nigeria;369;UN-HABITAT;18;true
NGA;Nigeria;369;OCHA;19;true
NGA;Nigeria;369;FAO;2;true
NGA;Nigeria;369;UN Women;21;true
NGA;Nigeria;369;UNAIDS;22;true
NGA;Nigeria;369;UNDSS;2275;true
NGA;Nigeria;369;UNS;2485;true
NGA;Nigeria;369;UNDP;25;true
NGA;Nigeria;369;UNESCO;29;true
NGA;Nigeria;369;UNFPA;30;true
NGA;Nigeria;369;UNHCR;31;true
NGA;Nigeria;369;UNICEF;32;true
NGA;Nigeria;369;UNIDO;33;true
NGA;Nigeria;369;UNODC;34;true
NGA;Nigeria;369;UNOPS;35;true
NGA;Nigeria;369;WFP;39;true
NGA;Nigeria;369;WHO;40;true
NGA;Nigeria;369;WMO;42;true
NGA;Nigeria;369;IFAD;5;true
NGA;Nigeria;369;UN RCO;50;true
NGA;Nigeria;369;ILO;6;true
NGA;Nigeria;369;IOM;8;true
NIC;Nicaragua;425;World Bank;1277;true
NIC;Nicaragua;425;FAO;2;true
NIC;Nicaragua;425;UNDCO;2274;true
NIC;Nicaragua;425;UNDSS;2275;true
NIC;Nicaragua;425;UNS;2485;true
NIC;Nicaragua;425;UNDP;25;true
NIC;Nicaragua;425;UNESCO;29;true
NIC;Nicaragua;425;IAEA;3;true
NIC;Nicaragua;425;UNFPA;30;true
NIC;Nicaragua;425;UNICEF;32;true
NIC;Nicaragua;425;UNIDO;33;true
NIC;Nicaragua;425;UNOPS;35;true
NIC;Nicaragua;425;WFP;39;true
NIC;Nicaragua;425;IFAD;5;true
NIC;Nicaragua;425;ILO;6;true
NIC;Nicaragua;425;IOM;8;true
NIC;Nicaragua;425;PAHO;962;true
NPL;Nepal;367;UN-HABITAT;18;true
NPL;Nepal;367;FAO;2;true
NPL;Nepal;367;UN Women;21;true
NPL;Nepal;367;UNAIDS;22;true
NPL;Nepal;367;UNDSS;2275;true
NPL;Nepal;367;UNCTAD;24;true
NPL;Nepal;367;UNS;2485;true
NPL;Nepal;367;UNDP;25;true
NPL;Nepal;367;UNESCO;29;true
NPL;Nepal;367;UNFPA;30;true
NPL;Nepal;367;UNHCR;31;true
NPL;Nepal;367;UNICEF;32;true
NPL;Nepal;367;UNODC;34;true
NPL;Nepal;367;UNOPS;35;true
NPL;Nepal;367;UNV;37;true
NPL;Nepal;367;WFP;39;true
NPL;Nepal;367;WHO;40;true
NPL;Nepal;367;UN RCO;50;true
NPL;Nepal;367;ILO;6;true
NPL;Nepal;367;IOM;8;true
PAK;Pakistan;371;UN-HABITAT;18;true
PAK;Pakistan;371;OCHA;19;true
PAK;Pakistan;371;FAO;2;true
PAK;Pakistan;371;UN Women;21;true
PAK;Pakistan;371;UNAIDS;22;true
PAK;Pakistan;371;UNDSS;2275;true
PAK;Pakistan;371;DGC;2459;true
PAK;Pakistan;371;UNS;2485;true
PAK;Pakistan;371;UNDP;25;true
PAK;Pakistan;371;UNMOGIP;2516;true
PAK;Pakistan;371;UNESCO;29;true
PAK;Pakistan;371;UNFPA;30;true
PAK;Pakistan;371;UNHCR;31;true
PAK;Pakistan;371;UNICEF;32;true
PAK;Pakistan;371;UNIDO;33;true
PAK;Pakistan;371;UNODC;34;true
PAK;Pakistan;371;UNOPS;35;true
PAK;Pakistan;371;UNV;37;true
PAK;Pakistan;371;WFP;39;true
PAK;Pakistan;371;WHO;40;true
PAK;Pakistan;371;IFAD;5;true
PAK;Pakistan;371;UN RCO;50;true
PAK;Pakistan;371;UNDPO;53;true
PAK;Pakistan;371;ILO;6;true
PAK;Pakistan;371;IOM;8;true
PAK;Pakistan;371;ITC;9;true
PAN;Panama;372;;;true
PAN;Panama;372;OHCHR;11;true
PAN;Panama;372;World Bank;1277;true
PAN;Panama;372;UN ECLAC;15;true
PAN;Panama;372;OCHA;19;true
PAN;Panama;372;FAO;2;true
PAN;Panama;372;UN Women;21;true
PAN;Panama;372;UNAIDS;22;true
PAN;Panama;372;UNDCO;2274;true
PAN;Panama;372;UNDSS;2275;true
PAN;Panama;372;UNS;2485;true
PAN;Panama;372;UNDP;25;true
PAN;Panama;372;UNEP;28;true
PAN;Panama;372;UNESCO;29;true
PAN;Panama;372;UNFPA;30;true
PAN;Panama;372;UNHCR;31;true
PAN;Panama;372;UNICEF;32;true
PAN;Panama;372;UNIDO;33;true
PAN;Panama;372;UNODC;34;true
PAN;Panama;372;UNOPS;35;true
PAN;Panama;372;UNV;37;true
PAN;Panama;372;WFP;39;true
PAN;Panama;372;IFAD;5;true
PAN;Panama;372;UN RCO;50;true
PAN;Panama;372;ILO;6;true
PAN;Panama;372;IOM;8;true
PAN;Panama;372;PAHO;962;true
PER;Peru;375;OHCHR;11;true
PER;Peru;375;FAO;2;true
PER;Peru;375;UNAIDS;22;true
PER;Peru;375;UNDSS;2275;true
PER;Peru;375;DGC;2459;true
PER;Peru;375;UNS;2485;true
PER;Peru;375;UNDP;25;true
PER;Peru;375;UNODA;2520;true
PER;Peru;375;UNESCO;29;true
PER;Peru;375;UNFPA;30;true
PER;Peru;375;UNHCR;31;true
PER;Peru;375;UNICEF;32;true
PER;Peru;375;UNODC;34;true
PER;Peru;375;UNOPS;35;true
PER;Peru;375;WFP;39;true
PER;Peru;375;ICAO;4;true
PER;Peru;375;IFAD;5;true
PER;Peru;375;UN RCO;50;true
PER;Peru;375;ILO;6;true
PER;Peru;375;IOM;8;true
PER;Peru;375;PAHO;962;true
PHL;Philippines;411;UN-HABITAT;18;true
PHL;Philippines;411;OCHA;19;true
PHL;Philippines;411;FAO;2;true
PHL;Philippines;411;UN Women;21;true
PHL;Philippines;411;UNAIDS;22;true
PHL;Philippines;411;UNDSS;2275;true
PHL;Philippines;411;DGC;2459;true
PHL;Philippines;411;UNS;2485;true
PHL;Philippines;411;UNDP;25;true
PHL;Philippines;411;UNFPA;30;true
PHL;Philippines;411;UNHCR;31;true
PHL;Philippines;411;UNICEF;32;true
PHL;Philippines;411;UNIDO;33;true
PHL;Philippines;411;UNODC;34;true
PHL;Philippines;411;UNOPS;35;true
PHL;Philippines;411;WFP;39;true
PHL;Philippines;411;WHO;40;true
PHL;Philippines;411;IFAD;5;true
PHL;Philippines;411;UN RCO;50;true
PHL;Philippines;411;ILO;6;true
PHL;Philippines;411;IOM;8;true
PNG;Papua New Guinea;373;OHCHR;11;true
PNG;Papua New Guinea;373;FAO;2;true
PNG;Papua New Guinea;373;UN Women;21;true
PNG;Papua New Guinea;373;UNAIDS;22;true
PNG;Papua New Guinea;373;UNCDF;23;true
PNG;Papua New Guinea;373;UNS;2485;true
PNG;Papua New Guinea;373;UNDP;25;true
PNG;Papua New Guinea;373;UNFPA;30;true
PNG;Papua New Guinea;373;UNHCR;31;true
PNG;Papua New Guinea;373;UNICEF;32;true
PNG;Papua New Guinea;373;UNOPS;35;true
PNG;Papua New Guinea;373;WHO;40;true
PNG;Papua New Guinea;373;UN RCO;50;true
PNG;Papua New Guinea;373;ILO;6;true
PNG;Papua New Guinea;373;IOM;8;true
PRK;Korea, Democratic People's Republic of;253;FAO;2;true
PRK;Korea, Democratic People's Republic of;253;UNS;2485;true
PRK;Korea, Democratic People's Republic of;253;UNDP;25;true
PRK;Korea, Democratic People's Republic of;253;UNFPA;30;true
PRK;Korea, Democratic People's Republic of;253;UNICEF;32;true
PRK;Korea, Democratic People's Republic of;253;WFP;39;true
PRK;Korea, Democratic People's Republic of;253;WHO;40;true
PRK;Korea, Democratic People's Republic of;253;UN RCO;50;true
PRY;Paraguay;374;OHCHR;11;true
PRY;Paraguay;374;FAO;2;true
PRY;Paraguay;374;UN Women;21;true
PRY;Paraguay;374;UNDSS;2275;true
PRY;Paraguay;374;UNS;2485;true
PRY;Paraguay;374;UNDP;25;true
PRY;Paraguay;374;UNFPA;30;true
PRY;Paraguay;374;UNICEF;32;true
PRY;Paraguay;374;UNIDO;33;true
PRY;Paraguay;374;UNOPS;35;true
PRY;Paraguay;374;WMO;42;true
PRY;Paraguay;374;UN RCO;50;true
PRY;Paraguay;374;ILO;6;true
PRY;Paraguay;374;IMO;7;true
PRY;Paraguay;374;IOM;8;true
PRY;Paraguay;374;PAHO;962;true
PSE;Palestine;410;OHCHR;11;true
PSE;Palestine;410;UN-HABITAT;18;true
PSE;Palestine;410;OCHA;19;true
PSE;Palestine;410;FAO;2;true
PSE;Palestine;410;UN Women;21;true
PSE;Palestine;410;UNDSS;2275;true
PSE;Palestine;410;UNS;2485;true
PSE;Palestine;410;UNDP;25;true
PSE;Palestine;410;UNTSO;2544;true
PSE;Palestine;410;UNESCO;29;true
PSE;Palestine;410;UNFPA;30;true
PSE;Palestine;410;UNICEF;32;true
PSE;Palestine;410;UNIDO;33;true
PSE;Palestine;410;UNODC;34;true
PSE;Palestine;410;UNOPS;35;true
PSE;Palestine;410;UNRWA;36;true
PSE;Palestine;410;WFP;39;true
PSE;Palestine;410;WHO;40;true
PSE;Palestine;410;UN RCO;50;true
PSE;Palestine;410;ILO;6;true
RWA;Rwanda;152;UN ECA;14;true
RWA;Rwanda;152;FAO;2;true
RWA;Rwanda;152;UN Women;21;true
RWA;Rwanda;152;UNAIDS;22;true
RWA;Rwanda;152;UNS;2485;true
RWA;Rwanda;152;UNDP;25;true
RWA;Rwanda;152;UNFPA;30;true
RWA;Rwanda;152;UNHCR;31;true
RWA;Rwanda;152;UNICEF;32;true
RWA;Rwanda;152;WFP;39;true
RWA;Rwanda;152;WHO;40;true
RWA;Rwanda;152;IOM;8;true
SAU;Saudi Arabia;379;OHCHR;11;true
SAU;Saudi Arabia;379;World Bank;1277;true
SAU;Saudi Arabia;379;UN-HABITAT;18;true
SAU;Saudi Arabia;379;OCHA;19;true
SAU;Saudi Arabia;379;FAO;2;true
SAU;Saudi Arabia;379;UNDSS;2275;true
SAU;Saudi Arabia;379;UNS;2485;true
SAU;Saudi Arabia;379;UNDP;25;true
SAU;Saudi Arabia;379;UNEP;28;true
SAU;Saudi Arabia;379;UNHCR;31;true
SAU;Saudi Arabia;379;UNICEF;32;true
SAU;Saudi Arabia;379;WFP;39;true
SAU;Saudi Arabia;379;WHO;40;true
SAU;Saudi Arabia;379;UN RCO;50;true
SAU;Saudi Arabia;379;IMO;7;true
SAU;Saudi Arabia;379;IOM;8;true
SDN;Sudan;385;OHCHR;11;true
SDN;Sudan;385;World Bank;1277;true
SDN;Sudan;385;UN-HABITAT;18;true
SDN;Sudan;385;UNISFA;18793;true
SDN;Sudan;385;OCHA;19;true
SDN;Sudan;385;FAO;2;true
SDN;Sudan;385;UN Women;21;true
SDN;Sudan;385;UNAIDS;22;true
SDN;Sudan;385;UNDSS;2275;true
SDN;Sudan;385;UNITAMS;23120;true
SDN;Sudan;385;UNS;2485;true
SDN;Sudan;385;UNDP;25;true
SDN;Sudan;385;UNEP;28;true
SDN;Sudan;385;UNESCO;29;true
SDN;Sudan;385;UNFPA;30;true
SDN;Sudan;385;UNHCR;31;true
SDN;Sudan;385;UNICEF;32;true
SDN;Sudan;385;UNIDO;33;true
SDN;Sudan;385;UNODC;34;true
SDN;Sudan;385;UNOPS;35;true
SDN;Sudan;385;UNV;37;true
SDN;Sudan;385;WFP;39;true
SDN;Sudan;385;WHO;40;true
SDN;Sudan;385;IFAD;5;true
SDN;Sudan;385;UN RCO;50;true
SDN;Sudan;385;ILO;6;true
SDN;Sudan;385;IOM;8;true
SEN;Senegal;380;;;true
SEN;Senegal;380;ITU;10;true
SEN;Senegal;380;OHCHR;11;true
SEN;Senegal;380;UN ECA;14;true
SEN;Senegal;380;OCHA;19;true
SEN;Senegal;380;FAO;2;true
SEN;Senegal;380;UN Women;21;true
SEN;Senegal;380;UNAIDS;22;true
SEN;Senegal;380;UNOWAS;23119;true
SEN;Senegal;380;UNS;2485;true
SEN;Senegal;380;UNDP;25;true
SEN;Senegal;380;UNESCO;29;true
SEN;Senegal;380;UNFPA;30;true
SEN;Senegal;380;UNHCR;31;true
SEN;Senegal;380;UNICEF;32;true
SEN;Senegal;380;UNIDO;33;true
SEN;Senegal;380;UNODC;34;true
SEN;Senegal;380;UNOPS;35;true
SEN;Senegal;380;UNV;37;true
SEN;Senegal;380;WFP;39;true
SEN;Senegal;380;ICAO;4;true
SEN;Senegal;380;WHO;40;true
SEN;Senegal;380;IFAD;5;true
SEN;Senegal;380;UN RCO;50;true
SEN;Senegal;380;UNDPO;53;true
SEN;Senegal;380;ILO;6;true
SEN;Senegal;380;IOM;8;true
SLE;Sierra Leone;382;FAO;2;true
SLE;Sierra Leone;382;UN Women;21;true
SLE;Sierra Leone;382;UNAIDS;22;true
SLE;Sierra Leone;382;UNCDF;23;true
SLE;Sierra Leone;382;UNS;2485;true
SLE;Sierra Leone;382;UNDP;25;true
SLE;Sierra Leone;382;UNFPA;30;true
SLE;Sierra Leone;382;UNICEF;32;true
SLE;Sierra Leone;382;UNIDO;33;true
SLE;Sierra Leone;382;UNOPS;35;true
SLE;Sierra Leone;382;WFP;39;true
SLE;Sierra Leone;382;WHO;40;true
SLE;Sierra Leone;382;IFAD;5;true
SLE;Sierra Leone;382;UN RCO;50;true
SLE;Sierra Leone;382;ILO;6;true
SLE;Sierra Leone;382;IOM;8;true
SLV;El Salvador;334;OHCHR;11;true
SLV;El Salvador;334;World Bank;1277;true
SLV;El Salvador;334;OCHA;19;true
SLV;El Salvador;334;FAO;2;true
SLV;El Salvador;334;UN Women;21;true
SLV;El Salvador;334;UNAIDS;22;true
SLV;El Salvador;334;UNS;2485;true
SLV;El Salvador;334;UNDP;25;true
SLV;El Salvador;334;UNESCO;29;true
SLV;El Salvador;334;UNFPA;30;true
SLV;El Salvador;334;UNHCR;31;true
SLV;El Salvador;334;UNICEF;32;true
SLV;El Salvador;334;UNIDO;33;true
SLV;El Salvador;334;UNODC;34;true
SLV;El Salvador;334;UNOPS;35;true
SLV;El Salvador;334;WFP;39;true
SLV;El Salvador;334;IFAD;5;true
SLV;El Salvador;334;UN RCO;50;true
SLV;El Salvador;334;ILO;6;true
SLV;El Salvador;334;IOM;8;true
SLV;El Salvador;334;PAHO;962;true
SOM;Somalia;383;OHCHR;11;true
SOM;Somalia;383;UN-HABITAT;18;true
SOM;Somalia;383;OCHA;19;true
SOM;Somalia;383;FAO;2;true
SOM;Somalia;383;UN Women;21;true
SOM;Somalia;383;UNDSS;2275;true
SOM;Somalia;383;UNCDF;23;true
SOM;Somalia;383;UNS;2485;true
SOM;Somalia;383;UNDP;25;true
SOM;Somalia;383;UNSOM;2541;true
SOM;Somalia;383;UNSOS;28383;true
SOM;Somalia;383;UNESCO;29;true
SOM;Somalia;383;UNFPA;30;true
SOM;Somalia;383;UNHCR;31;true
SOM;Somalia;383;UNICEF;32;true
SOM;Somalia;383;UNIDO;33;true
SOM;Somalia;383;UNODC;34;true
SOM;Somalia;383;UNOPS;35;true
SOM;Somalia;383;WFP;39;true
SOM;Somalia;383;WHO;40;true
SOM;Somalia;383;WIPO;41;true
SOM;Somalia;383;UN RCO;50;true
SOM;Somalia;383;UNDPO;53;true
SOM;Somalia;383;ILO;6;true
SOM;Somalia;383;IOM;8;true
SRB;Serbia;381;OHCHR;11;true
SRB;Serbia;381;FAO;2;true
SRB;Serbia;381;UN Women;21;true
SRB;Serbia;381;UNS;2485;true
SRB;Serbia;381;UNDP;25;true
SRB;Serbia;381;UNFPA;30;true
SRB;Serbia;381;UNHCR;31;true
SRB;Serbia;381;UNICEF;32;true
SRB;Serbia;381;UNODC;34;true
SRB;Serbia;381;UNOPS;35;true
SRB;Serbia;381;WHO;40;true
SRB;Serbia;381;UN RCO;50;true
SRB;Serbia;381;IOM;8;true
SSD;South Sudan;421;OHCHR;11;true
SSD;South Sudan;421;UN-HABITAT;18;true
SSD;South Sudan;421;OCHA;19;true
SSD;South Sudan;421;FAO;2;true
SSD;South Sudan;421;UN Women;21;true
SSD;South Sudan;421;UNAIDS;22;true
SSD;South Sudan;421;UNDSS;2275;true
SSD;South Sudan;421;UNS;2485;true
SSD;South Sudan;421;UNDP;25;true
SSD;South Sudan;421;UNEP;28;true
SSD;South Sudan;421;UNESCO;29;true
SSD;South Sudan;421;UNFPA;30;true
SSD;South Sudan;421;UNHCR;31;true
SSD;South Sudan;421;UNICEF;32;true
SSD;South Sudan;421;UNIDO;33;true
SSD;South Sudan;421;UNODC;34;true
SSD;South Sudan;421;UNOPS;35;true
SSD;South Sudan;421;WFP;39;true
SSD;South Sudan;421;WHO;40;true
SSD;South Sudan;421;IFAD;5;true
SSD;South Sudan;421;UN RCO;50;true
SSD;South Sudan;421;ILO;6;true
SSD;South Sudan;421;UNMISS;61;true
SSD;South Sudan;421;IOM;8;true
STP;Sao Tome and Principe;378;UN-HABITAT;18;true
STP;Sao Tome and Principe;378;FAO;2;true
STP;Sao Tome and Principe;378;UNS;2485;true
STP;Sao Tome and Principe;378;UNDP;25;true
STP;Sao Tome and Principe;378;UNESCO;29;true
STP;Sao Tome and Principe;378;UNFPA;30;true
STP;Sao Tome and Principe;378;UNICEF;32;true
STP;Sao Tome and Principe;378;WFP;39;true
STP;Sao Tome and Principe;378;WHO;40;true
STP;Sao Tome and Principe;378;UN RCO;50;true
STP;Sao Tome and Principe;378;ILO;6;true
SUR;Suriname;386;FAO;2;true
SUR;Suriname;386;UN Women;21;true
SUR;Suriname;386;UNAIDS;22;true
SUR;Suriname;386;UNDSS;2275;true
SUR;Suriname;386;UNS;2485;true
SUR;Suriname;386;UNDP;25;true
SUR;Suriname;386;UNEP;28;true
SUR;Suriname;386;UNFPA;30;true
SUR;Suriname;386;UNHCR;31;true
SUR;Suriname;386;UNICEF;32;true
SUR;Suriname;386;UN RCO;50;true
SUR;Suriname;386;ILO;6;true
SUR;Suriname;386;IOM;8;true
SUR;Suriname;386;PAHO;962;true
SWZ;Eswatini;337;FAO;2;true
SWZ;Eswatini;337;UNAIDS;22;true
SWZ;Eswatini;337;UNDSS;2275;true
SWZ;Eswatini;337;UNS;2485;true
SWZ;Eswatini;337;UNDP;25;true
SWZ;Eswatini;337;UNESCO;29;true
SWZ;Eswatini;337;UNFPA;30;true
SWZ;Eswatini;337;UNICEF;32;true
SWZ;Eswatini;337;WFP;39;true
SWZ;Eswatini;337;WHO;40;true
SWZ;Eswatini;337;UN RCO;50;true
SWZ;Eswatini;337;IOM;8;true
SYR;Syria;217;;;true
SYR;Syria;217;UN-HABITAT;18;true
SYR;Syria;217;OCHA;19;true
SYR;Syria;217;FAO;2;true
SYR;Syria;217;UNDSS;2275;true
SYR;Syria;217;OSE-Syria;2483;true
SYR;Syria;217;UNS;2485;true
SYR;Syria;217;UNDP;25;true
SYR;Syria;217;UNFPA;30;true
SYR;Syria;217;UNHCR;31;true
SYR;Syria;217;UNICEF;32;true
SYR;Syria;217;UNOPS;35;true
SYR;Syria;217;UNRWA;36;true
SYR;Syria;217;WFP;39;true
SYR;Syria;217;WHO;40;true
SYR;Syria;217;UN RCO;50;true
SYR;Syria;217;ILO;6;true
TCD;Chad;323;OHCHR;11;true
TCD;Chad;323;World Bank;1277;true
TCD;Chad;323;OCHA;19;true
TCD;Chad;323;FAO;2;true
TCD;Chad;323;UNAIDS;22;true
TCD;Chad;323;UNS;2485;true
TCD;Chad;323;UNDP;25;true
TCD;Chad;323;UNESCO;29;true
TCD;Chad;323;UNFPA;30;true
TCD;Chad;323;UNHCR;31;true
TCD;Chad;323;UNICEF;32;true
TCD;Chad;323;UNODC;34;true
TCD;Chad;323;UNOPS;35;true
TCD;Chad;323;WFP;39;true
TCD;Chad;323;WHO;40;true
TCD;Chad;323;IMF;47;true
TCD;Chad;323;UN RCO;50;true
TCD;Chad;323;ILO;6;true
TCD;Chad;323;IOM;8;true
TGO;Togo;422;;;true
TGO;Togo;422;FAO;2;true
TGO;Togo;422;UN Women;21;true
TGO;Togo;422;UNAIDS;22;true
TGO;Togo;422;UNS;2485;true
TGO;Togo;422;UNDP;25;true
TGO;Togo;422;UNEP;28;true
TGO;Togo;422;UNESCO;29;true
TGO;Togo;422;UNFPA;30;true
TGO;Togo;422;UNHCR;31;true
TGO;Togo;422;UNICEF;32;true
TGO;Togo;422;UNIDO;33;true
TGO;Togo;422;WFP;39;true
TGO;Togo;422;WHO;40;true
TGO;Togo;422;IFAD;5;true
TGO;Togo;422;UN RCO;50;true
TGO;Togo;422;ILO;6;true
TGO;Togo;422;IOM;8;true
THA;Thailand;387;;;true
THA;Thailand;387;ITU;10;true
THA;Thailand;387;OHCHR;11;true
THA;Thailand;387;World Bank;1277;true
THA;Thailand;387;UN ESCAP;16;true
THA;Thailand;387;UN-HABITAT;18;true
THA;Thailand;387;OCHA;19;true
THA;Thailand;387;FAO;2;true
THA;Thailand;387;UN Women;21;true
THA;Thailand;387;UNAIDS;22;true
THA;Thailand;387;UNDCO;2274;true
THA;Thailand;387;UNDSS;2275;true
THA;Thailand;387;UNS;2485;true
THA;Thailand;387;UNDP;25;true
THA;Thailand;387;UNODA;2520;true
THA;Thailand;387;UNOG;2521;true
THA;Thailand;387;UNEP;28;true
THA;Thailand;387;UNESCO;29;true
THA;Thailand;387;UNFPA;30;true
THA;Thailand;387;UNHCR;31;true
THA;Thailand;387;UNICEF;32;true
THA;Thailand;387;UNIDO;33;true
THA;Thailand;387;UNODC;34;true
THA;Thailand;387;UNOPS;35;true
THA;Thailand;387;UNOCT;3642;true
THA;Thailand;387;UNV;37;true
THA;Thailand;387;UPU;38;true
THA;Thailand;387;WFP;39;true
THA;Thailand;387;ICAO;4;true
THA;Thailand;387;WHO;40;true
THA;Thailand;387;IMF;47;true
THA;Thailand;387;UN RCO;50;true
THA;Thailand;387;ILO;6;true
THA;Thailand;387;IOM;8;true
THA;Thailand;387;ITC;9;true
TJK;Tajikistan;413;OHCHR;11;true
TJK;Tajikistan;413;World Bank;1277;true
TJK;Tajikistan;413;OCHA;19;true
TJK;Tajikistan;413;FAO;2;true
TJK;Tajikistan;413;UN Women;21;true
TJK;Tajikistan;413;UNAIDS;22;true
TJK;Tajikistan;413;UNS;2485;true
TJK;Tajikistan;413;UNDP;25;true
TJK;Tajikistan;413;UNFPA;30;true
TJK;Tajikistan;413;UNHCR;31;true
TJK;Tajikistan;413;UNICEF;32;true
TJK;Tajikistan;413;UNIDO;33;true
TJK;Tajikistan;413;UNODC;34;true
TJK;Tajikistan;413;UNOPS;35;true
TJK;Tajikistan;413;WFP;39;true
TJK;Tajikistan;413;WHO;40;true
TJK;Tajikistan;413;UN RCO;50;true
TJK;Tajikistan;413;ILO;6;true
TJK;Tajikistan;413;IOM;8;true
TJK;Tajikistan;413;ITC;9;true
TKM;Turkmenistan;391;OHCHR;11;true
TKM;Turkmenistan;391;UNS;2485;true
TKM;Turkmenistan;391;UNDP;25;true
TKM;Turkmenistan;391;UNFPA;30;true
TKM;Turkmenistan;391;UNICEF;32;true
TKM;Turkmenistan;391;UNODC;34;true
TKM;Turkmenistan;391;WHO;40;true
TKM;Turkmenistan;391;IOM;8;true
TLS;Timor-Leste;388;World Bank;1277;true
TLS;Timor-Leste;388;UN ESCAP;16;true
TLS;Timor-Leste;388;OCHA;19;true
TLS;Timor-Leste;388;FAO;2;true
TLS;Timor-Leste;388;UN Women;21;true
TLS;Timor-Leste;388;UNCDF;23;true
TLS;Timor-Leste;388;UNS;2485;true
TLS;Timor-Leste;388;UNDP;25;true
TLS;Timor-Leste;388;UNEP;28;true
TLS;Timor-Leste;388;UNESCO;29;true
TLS;Timor-Leste;388;UNFPA;30;true
TLS;Timor-Leste;388;UNICEF;32;true
TLS;Timor-Leste;388;UNIDO;33;true
TLS;Timor-Leste;388;UNODC;34;true
TLS;Timor-Leste;388;UNOPS;35;true
TLS;Timor-Leste;388;UNV;37;true
TLS;Timor-Leste;388;WFP;39;true
TLS;Timor-Leste;388;WHO;40;true
TLS;Timor-Leste;388;UN RCO;50;true
TLS;Timor-Leste;388;ILO;6;true
TLS;Timor-Leste;388;IOM;8;true
TTO;Trinidad and Tobago;414;;;true
TTO;Trinidad and Tobago;414;UN ECLAC;15;true
TTO;Trinidad and Tobago;414;FAO;2;true
TTO;Trinidad and Tobago;414;UN Women;21;true
TTO;Trinidad and Tobago;414;DGC;2459;true
TTO;Trinidad and Tobago;414;UNS;2485;true
TTO;Trinidad and Tobago;414;UNDP;25;true
TTO;Trinidad and Tobago;414;UNFPA;30;true
TTO;Trinidad and Tobago;414;UNHCR;31;true
TTO;Trinidad and Tobago;414;UNICEF;32;true
TTO;Trinidad and Tobago;414;UN RCO;50;true
TTO;Trinidad and Tobago;414;ILO;6;true
TTO;Trinidad and Tobago;414;IOM;8;true
TTO;Trinidad and Tobago;414;PAHO;962;true
TUN;Tunisia;389;OHCHR;11;true
TUN;Tunisia;389;World Bank;1277;true
TUN;Tunisia;389;UN-HABITAT;18;true
TUN;Tunisia;389;FAO;2;true
TUN;Tunisia;389;UN Women;21;true
TUN;Tunisia;389;UNAIDS;22;true
TUN;Tunisia;389;UNDSS;2275;true
TUN;Tunisia;389;UNS;2485;true
TUN;Tunisia;389;UNDP;25;true
TUN;Tunisia;389;UNESCO;29;true
TUN;Tunisia;389;UNFPA;30;true
TUN;Tunisia;389;UNHCR;31;true
TUN;Tunisia;389;UNICEF;32;true
TUN;Tunisia;389;UNIDO;33;true
TUN;Tunisia;389;UNODC;34;true
TUN;Tunisia;389;UNOPS;35;true
TUN;Tunisia;389;UNV;37;true
TUN;Tunisia;389;WFP;39;true
TUN;Tunisia;389;WHO;40;true
TUN;Tunisia;389;IMF;47;true
TUN;Tunisia;389;UN RCO;50;true
TUN;Tunisia;389;ILO;6;true
TUN;Tunisia;389;IOM;8;true
TUR;Türkiye;390;;;true
TUR;Türkiye;390;UN ESCAP;16;true
TUR;Türkiye;390;UN-HABITAT;18;true
TUR;Türkiye;390;OCHA;19;true
TUR;Türkiye;390;FAO;2;true
TUR;Türkiye;390;UN Women;21;true
TUR;Türkiye;390;UNDSS;2275;true
TUR;Türkiye;390;UNS;2485;true
TUR;Türkiye;390;UNDP;25;true
TUR;Türkiye;390;UNEP;28;true
TUR;Türkiye;390;UNESCO;29;true
TUR;Türkiye;390;UNFPA;30;true
TUR;Türkiye;390;UNHCR;31;true
TUR;Türkiye;390;UNICEF;32;true
TUR;Türkiye;390;UNIDO;33;true
TUR;Türkiye;390;UNOPS;35;true
TUR;Türkiye;390;UNV;37;true
TUR;Türkiye;390;WFP;39;true
TUR;Türkiye;390;WHO;40;true
TUR;Türkiye;390;IFAD;5;true
TUR;Türkiye;390;UN RCO;50;true
TUR;Türkiye;390;ILO;6;true
TUR;Türkiye;390;IOM;8;true
TZA;Tanzania;394;;;true
TZA;Tanzania;394;OHCHR;11;true
TZA;Tanzania;394;World Bank;1277;true
TZA;Tanzania;394;UN-HABITAT;18;true
TZA;Tanzania;394;FAO;2;true
TZA;Tanzania;394;UN Women;21;true
TZA;Tanzania;394;UNAIDS;22;true
TZA;Tanzania;394;UNCTAD;24;true
TZA;Tanzania;394;UNS;2485;true
TZA;Tanzania;394;UNDP;25;true
TZA;Tanzania;394;UNEP;28;true
TZA;Tanzania;394;UNESCO;29;true
TZA;Tanzania;394;UNFPA;30;true
TZA;Tanzania;394;UNHCR;31;true
TZA;Tanzania;394;UNICEF;32;true
TZA;Tanzania;394;UNIDO;33;true
TZA;Tanzania;394;UNODC;34;true
TZA;Tanzania;394;WFP;39;true
TZA;Tanzania;394;WHO;40;true
TZA;Tanzania;394;IMF;47;true
TZA;Tanzania;394;IFAD;5;true
TZA;Tanzania;394;UN RCO;50;true
TZA;Tanzania;394;ILO;6;true
TZA;Tanzania;394;IOM;8;true
UGA;Uganda;392;;;true
UGA;Uganda;392;OHCHR;11;true
UGA;Uganda;392;World Bank;1277;true
UGA;Uganda;392;UN-HABITAT;18;true
UGA;Uganda;392;FAO;2;true
UGA;Uganda;392;UN Women;21;true
UGA;Uganda;392;UNAIDS;22;true
UGA;Uganda;392;UNDSS;2275;true
UGA;Uganda;392;UNCDF;23;true
UGA;Uganda;392;MONUSCO;2476;true
UGA;Uganda;392;UNS;2485;true
UGA;Uganda;392;UNDP;25;true
UGA;Uganda;392;UNEP;28;true
UGA;Uganda;392;UNESCO;29;true
UGA;Uganda;392;IAEA;3;true
UGA;Uganda;392;UNFPA;30;true
UGA;Uganda;392;UNHCR;31;true
UGA;Uganda;392;UNICEF;32;true
UGA;Uganda;392;UNIDO;33;true
UGA;Uganda;392;UNODC;34;true
UGA;Uganda;392;UNOPS;35;true
UGA;Uganda;392;UNV;37;true
UGA;Uganda;392;WFP;39;true
UGA;Uganda;392;WHO;40;true
UGA;Uganda;392;IMF;47;true
UGA;Uganda;392;IFAD;5;true
UGA;Uganda;392;UN RCO;50;true
UGA;Uganda;392;ILO;6;true
UGA;Uganda;392;IOM;8;true
UGA;Uganda;392;ITC;9;true
UKR;Ukraine;30;OHCHR;11;true
UKR;Ukraine;30;OCHA;19;true
UKR;Ukraine;30;UN Women;21;true
UKR;Ukraine;30;UNAIDS;22;true
UKR;Ukraine;30;UNS;2485;true
UKR;Ukraine;30;UNDP;25;true
UKR;Ukraine;30;UNFPA;30;true
UKR;Ukraine;30;UNHCR;31;true
UKR;Ukraine;30;UNICEF;32;true
UKR;Ukraine;30;UNODC;34;true
UKR;Ukraine;30;UNOPS;35;true
UKR;Ukraine;30;UNV;37;true
UKR;Ukraine;30;IOM;8;true
URY;Uruguay;395;OHCHR;11;true
URY;Uruguay;395;World Bank;1277;true
URY;Uruguay;395;UN ECLAC;15;true
URY;Uruguay;395;FAO;2;true
URY;Uruguay;395;UN Women;21;true
URY;Uruguay;395;UNAIDS;22;true
URY;Uruguay;395;UNDSS;2275;true
URY;Uruguay;395;UNS;2485;true
URY;Uruguay;395;UNDP;25;true
URY;Uruguay;395;UNEP;28;true
URY;Uruguay;395;UNESCO;29;true
URY;Uruguay;395;UNFPA;30;true
URY;Uruguay;395;UNHCR;31;true
URY;Uruguay;395;UNICEF;32;true
URY;Uruguay;395;UNIDO;33;true
URY;Uruguay;395;UNODC;34;true
URY;Uruguay;395;UNOPS;35;true
URY;Uruguay;395;UN RCO;50;true
URY;Uruguay;395;ILO;6;true
URY;Uruguay;395;IOM;8;true
UZB;Uzbekistan;396;OHCHR;11;true
UZB;Uzbekistan;396;FAO;2;true
UZB;Uzbekistan;396;UNAIDS;22;true
UZB;Uzbekistan;396;UNS;2485;true
UZB;Uzbekistan;396;UNDP;25;true
UZB;Uzbekistan;396;UNESCO;29;true
UZB;Uzbekistan;396;UNFPA;30;true
UZB;Uzbekistan;396;UNICEF;32;true
UZB;Uzbekistan;396;UNODC;34;true
UZB;Uzbekistan;396;UNOPS;35;true
UZB;Uzbekistan;396;WHO;40;true
UZB;Uzbekistan;396;UN RCO;50;true
UZB;Uzbekistan;396;ILO;6;true
UZB;Uzbekistan;396;IOM;8;true
VEN;Venezuela;423;OHCHR;11;true
VEN;Venezuela;423;OCHA;19;true
VEN;Venezuela;423;FAO;2;true
VEN;Venezuela;423;UNAIDS;22;true
VEN;Venezuela;423;UNS;2485;true
VEN;Venezuela;423;UNDP;25;true
VEN;Venezuela;423;UNFPA;30;true
VEN;Venezuela;423;UNHCR;31;true
VEN;Venezuela;423;UNICEF;32;true
VEN;Venezuela;423;WFP;39;true
VEN;Venezuela;423;UN RCO;50;true
VEN;Venezuela;423;IOM;8;true
VEN;Venezuela;423;PAHO;962;true
VNM;Viet Nam;397;UN-HABITAT;18;true
VNM;Viet Nam;397;FAO;2;true
VNM;Viet Nam;397;UN Women;21;true
VNM;Viet Nam;397;UNAIDS;22;true
VNM;Viet Nam;397;UNDSS;2275;true
VNM;Viet Nam;397;UNS;2485;true
VNM;Viet Nam;397;UNDP;25;true
VNM;Viet Nam;397;UNESCO;29;true
VNM;Viet Nam;397;UNFPA;30;true
VNM;Viet Nam;397;UNICEF;32;true
VNM;Viet Nam;397;UNIDO;33;true
VNM;Viet Nam;397;UNODC;34;true
VNM;Viet Nam;397;WHO;40;true
VNM;Viet Nam;397;IFAD;5;true
VNM;Viet Nam;397;UN RCO;50;true
VNM;Viet Nam;397;ILO;6;true
VNM;Viet Nam;397;IOM;8;true
WSM;Samoa;377;FAO;2;true
WSM;Samoa;377;UN Women;21;true
WSM;Samoa;377;UNDSS;2275;true
WSM;Samoa;377;UNS;2485;true
WSM;Samoa;377;UNDP;25;true
WSM;Samoa;377;UNEP;28;true
WSM;Samoa;377;UNESCO;29;true
WSM;Samoa;377;UNFPA;30;true
WSM;Samoa;377;UNICEF;32;true
WSM;Samoa;377;WHO;40;true
WSM;Samoa;377;WMO;42;true
WSM;Samoa;377;UN RCO;50;true
WSM;Samoa;377;ILO;6;true
XKX;Kosovo;405;UN-HABITAT;18;true
XKX;Kosovo;405;FAO;2;true
XKX;Kosovo;405;UN Women;21;true
XKX;Kosovo;405;UNDSS;2275;true
XKX;Kosovo;405;UNS;2485;true
XKX;Kosovo;405;UNDP;25;true
XKX;Kosovo;405;UNFPA;30;true
XKX;Kosovo;405;UNHCR;31;true
XKX;Kosovo;405;UNICEF;32;true
XKX;Kosovo;405;UNOPS;35;true
XKX;Kosovo;405;WHO;40;true
XKX;Kosovo;405;UN RCO;50;true
XKX;Kosovo;405;ILO;6;true
XKX;Kosovo;405;IOM;8;true
YEM;Yemen;415;OHCHR;11;true
YEM;Yemen;415;UN-HABITAT;18;true
YEM;Yemen;415;OCHA;19;true
YEM;Yemen;415;FAO;2;true
YEM;Yemen;415;UN Women;21;true
YEM;Yemen;415;UNDCO;2274;true
YEM;Yemen;415;UNDSS;2275;true
YEM;Yemen;415;UNS;2485;true
YEM;Yemen;415;UNDP;25;true
YEM;Yemen;415;UNESCO;29;true
YEM;Yemen;415;UNFPA;30;true
YEM;Yemen;415;UNHCR;31;true
YEM;Yemen;415;UNICEF;32;true
YEM;Yemen;415;UNOPS;35;true
YEM;Yemen;415;UNV;37;true
YEM;Yemen;415;WFP;39;true
YEM;Yemen;415;WHO;40;true
YEM;Yemen;415;ILO;6;true
YEM;Yemen;415;IOM;8;true
ZFA;South Africa;384;OHCHR;11;true
ZFA;South Africa;384;FAO;2;true
ZFA;South Africa;384;UN Women;21;true
ZFA;South Africa;384;UNAIDS;22;true
ZFA;South Africa;384;UNS;2485;true
ZFA;South Africa;384;UNDP;25;true
ZFA;South Africa;384;UNEP;28;true
ZFA;South Africa;384;UNFPA;30;true
ZFA;South Africa;384;UNHCR;31;true
ZFA;South Africa;384;UNICEF;32;true
ZFA;South Africa;384;UNIDO;33;true
ZFA;South Africa;384;UNODC;34;true
ZFA;South Africa;384;WFP;39;true
ZFA;South Africa;384;WHO;40;true
ZFA;South Africa;384;IFAD;5;true
ZFA;South Africa;384;UN RCO;50;true
ZFA;South Africa;384;ILO;6;true
ZFA;South Africa;384;IOM;8;true
ZMB;Zambia;416;OHCHR;11;true
ZMB;Zambia;416;World Bank;1277;true
ZMB;Zambia;416;UN ECA;14;true
ZMB;Zambia;416;UN-HABITAT;18;true
ZMB;Zambia;416;FAO;2;true
ZMB;Zambia;416;UN Women;21;true
ZMB;Zambia;416;UNAIDS;22;true
ZMB;Zambia;416;UNDSS;2275;true
ZMB;Zambia;416;UNCDF;23;true
ZMB;Zambia;416;UNCTAD;24;true
ZMB;Zambia;416;UNS;2485;true
ZMB;Zambia;416;UNDP;25;true
ZMB;Zambia;416;UNESCO;29;true
ZMB;Zambia;416;UNFPA;30;true
ZMB;Zambia;416;UNHCR;31;true
ZMB;Zambia;416;UNICEF;32;true
ZMB;Zambia;416;UNIDO;33;true
ZMB;Zambia;416;UNODC;34;true
ZMB;Zambia;416;UNOPS;35;true
ZMB;Zambia;416;WFP;39;true
ZMB;Zambia;416;WHO;40;true
ZMB;Zambia;416;IMF;47;true
ZMB;Zambia;416;IFAD;5;true
ZMB;Zambia;416;UN RCO;50;true
ZMB;Zambia;416;ILO;6;true
ZMB;Zambia;416;IOM;8;true
ZWE;Zimbabwe;424;ITU;10;true
ZWE;Zimbabwe;424;World Bank;1277;true
ZWE;Zimbabwe;424;FAO;2;true
ZWE;Zimbabwe;424;UN Women;21;true
ZWE;Zimbabwe;424;UNAIDS;22;true
ZWE;Zimbabwe;424;UNDSS;2275;true
ZWE;Zimbabwe;424;DGC;2459;true
ZWE;Zimbabwe;424;UNS;2485;true
ZWE;Zimbabwe;424;UNDP;25;true
ZWE;Zimbabwe;424;UNESCO;29;true
ZWE;Zimbabwe;424;UNFPA;30;true
ZWE;Zimbabwe;424;UNHCR;31;true
ZWE;Zimbabwe;424;UNICEF;32;true
ZWE;Zimbabwe;424;UNIDO;33;true
ZWE;Zimbabwe;424;UNOPS;35;true
ZWE;Zimbabwe;424;UPU;38;true
ZWE;Zimbabwe;424;WFP;39;true
ZWE;Zimbabwe;424;WHO;40;true
ZWE;Zimbabwe;424;UN RCO;50;true
ZWE;Zimbabwe;424;ILO;6;true
ZWE;Zimbabwe;424;IOM;8;true
