ISO3;Country;KICKOFF_TRACKERID;uninfo.organization.abbreviation;organizationId;participating
AFG;Afghanistan;229;OHCHR;11;TRUE
AFG;Afghanistan;229;World Bank;1277;TRUE
AFG;Afghanistan;229;UN-HABITAT;18;TRUE
AFG;Afghanistan;229;OCHA;19;TRUE
AFG;Afghanistan;229;FAO;2;TRUE
AFG;Afghanistan;229;UN Women;21;TRUE
AFG;Afghanistan;229;UNAIDS;22;TRUE
AFG;Afghanistan;229;UNCTAD;24;TRUE
AFG;Afghanistan;229;UNS;2485;TRUE
AFG;Afghanistan;229;UNAMA;2492;TRUE
AFG;Afghanistan;229;UNDP;25;TRUE
AFG;Afghanistan;229;UNEP;28;TRUE
AFG;Afghanistan;229;UNESCO;29;TRUE
AFG;Afghanistan;229;UNFPA;30;TRUE
AFG;Afghanistan;229;UNHCR;31;TRUE
AFG;Afghanistan;229;UNICEF;32;TRUE
AFG;Afghanistan;229;UNIDO;33;TRUE
AFG;Afghanistan;229;UNODC;34;TRUE
AFG;Afghanistan;229;UNOPS;35;TRUE
AFG;Afghanistan;229;UNV;37;TRUE
AFG;Afghanistan;229;WFP;39;TRUE
AFG;Afghanistan;229;WHO;40;TRUE
AFG;Afghanistan;229;IMF;47;TRUE
AFG;Afghanistan;229;IFAD;5;TRUE
AFG;Afghanistan;229;UN RCO;50;TRUE
AFG;Afghanistan;229;ILO;6;TRUE
AFG;Afghanistan;229;IOM;8;TRUE
AFG;Afghanistan;229;ITC;9;TRUE
AGO;Angola;305;World Bank;1277;TRUE
AGO;Angola;305;FAO;2;TRUE
AGO;Angola;305;UNAIDS;22;TRUE
AGO;Angola;305;UNDSS;2275;TRUE
AGO;Angola;305;UNCTAD;24;TRUE
AGO;Angola;305;UNS;2485;TRUE
AGO;Angola;305;UNDP;25;TRUE
AGO;Angola;305;UNESCO;29;TRUE
AGO;Angola;305;UNFPA;30;TRUE
AGO;Angola;305;UNHCR;31;TRUE
AGO;Angola;305;UNICEF;32;TRUE
AGO;Angola;305;UNOPS;35;TRUE
AGO;Angola;305;WFP;39;TRUE
AGO;Angola;305;WHO;40;TRUE
AGO;Angola;305;IMF;47;TRUE
AGO;Angola;305;IFAD;5;TRUE
AGO;Angola;305;UN RCO;50;TRUE
AGO;Angola;305;IOM;8;TRUE
ALB;Albania;303;FAO;2;TRUE
ALB;Albania;303;UN Women;21;TRUE
ALB;Albania;303;UNS;2485;TRUE
ALB;Albania;303;UNDP;25;TRUE
ALB;Albania;303;UNFPA;30;TRUE
ALB;Albania;303;UNHCR;31;TRUE
ALB;Albania;303;UNICEF;32;TRUE
ALB;Albania;303;UNIDO;33;TRUE
ALB;Albania;303;UNODC;34;TRUE
ALB;Albania;303;UNOPS;35;TRUE
ALB;Albania;303;WHO;40;TRUE
ALB;Albania;303;UN RCO;50;TRUE
ALB;Albania;303;ILO;6;TRUE
ALB;Albania;303;IOM;8;TRUE
ARE;United Arab Emirates;393;OCHA;19;TRUE
ARE;United Arab Emirates;393;FAO;2;TRUE
ARE;United Arab Emirates;393;UN Women;21;TRUE
ARE;United Arab Emirates;393;UNDSS;2275;TRUE
ARE;United Arab Emirates;393;UNS;2485;TRUE
ARE;United Arab Emirates;393;UNEP;28;TRUE
ARE;United Arab Emirates;393;UNFPA;30;TRUE
ARE;United Arab Emirates;393;UNHCR;31;TRUE
ARE;United Arab Emirates;393;UNICEF;32;TRUE
ARE;United Arab Emirates;393;UNODC;34;TRUE
ARE;United Arab Emirates;393;UNRWA;36;TRUE
ARE;United Arab Emirates;393;WFP;39;TRUE
ARE;United Arab Emirates;393;WHO;40;TRUE
ARE;United Arab Emirates;393;UN RCO;50;TRUE
ARG;Argentina;306;UN ECLAC;15;TRUE
ARG;Argentina;306;FAO;2;TRUE
ARG;Argentina;306;UN Women;21;TRUE
ARG;Argentina;306;UNAIDS;22;TRUE
ARG;Argentina;306;UNDSS;2275;TRUE
ARG;Argentina;306;DGC;2459;TRUE
ARG;Argentina;306;UNS;2485;TRUE
ARG;Argentina;306;UNDP;25;TRUE
ARG;Argentina;306;UNESCO;29;TRUE
ARG;Argentina;306;UNFPA;30;TRUE
ARG;Argentina;306;UNHCR;31;TRUE
ARG;Argentina;306;UNICEF;32;TRUE
ARG;Argentina;306;UNOPS;35;TRUE
ARG;Argentina;306;UN RCO;50;TRUE
ARG;Argentina;306;ILO;6;TRUE
ARG;Argentina;306;IOM;8;TRUE
ARG;Argentina;306;PAHO;962;TRUE
ARM;Armenia;307;FAO;2;TRUE
ARM;Armenia;307;UNS;2485;TRUE
ARM;Armenia;307;UNDP;25;TRUE
ARM;Armenia;307;UNFPA;30;TRUE
ARM;Armenia;307;UNHCR;31;TRUE
ARM;Armenia;307;UNICEF;32;TRUE
ARM;Armenia;307;UNIDO;33;TRUE
ARM;Armenia;307;WFP;39;TRUE
ARM;Armenia;307;WHO;40;TRUE
ARM;Armenia;307;UN RCO;50;TRUE
ARM;Armenia;307;IOM;8;TRUE
AZE;Azerbaijan;398;OHCHR;11;TRUE
AZE;Azerbaijan;398;FAO;2;TRUE
AZE;Azerbaijan;398;UNS;2485;TRUE
AZE;Azerbaijan;398;UNDP;25;TRUE
AZE;Azerbaijan;398;UNFPA;30;TRUE
AZE;Azerbaijan;398;UNHCR;31;TRUE
AZE;Azerbaijan;398;UNICEF;32;TRUE
AZE;Azerbaijan;398;UNODC;34;TRUE
AZE;Azerbaijan;398;UNOPS;35;TRUE
AZE;Azerbaijan;398;WHO;40;TRUE
AZE;Azerbaijan;398;UN RCO;50;TRUE
AZE;Azerbaijan;398;ILO;6;TRUE
AZE;Azerbaijan;398;IOM;8;TRUE
BDI;Burundi;318;OCHA;19;TRUE
BDI;Burundi;318;FAO;2;TRUE
BDI;Burundi;318;UN Women;21;TRUE
BDI;Burundi;318;UNAIDS;22;TRUE
BDI;Burundi;318;UNS;2485;TRUE
BDI;Burundi;318;UNDP;25;TRUE
BDI;Burundi;318;UNESCO;29;TRUE
BDI;Burundi;318;UNFPA;30;TRUE
BDI;Burundi;318;UNHCR;31;TRUE
BDI;Burundi;318;UNICEF;32;TRUE
BDI;Burundi;318;UNOPS;35;TRUE
BDI;Burundi;318;UNV;37;TRUE
BDI;Burundi;318;WFP;39;TRUE
BDI;Burundi;318;WHO;40;TRUE
BDI;Burundi;318;IFAD;5;TRUE
BDI;Burundi;318;UN RCO;50;TRUE
BDI;Burundi;318;IOM;8;TRUE
BEN;Benin;312;World Bank;1277;TRUE
BEN;Benin;312;FAO;2;TRUE
BEN;Benin;312;UN Women;21;TRUE
BEN;Benin;312;UNAIDS;22;TRUE
BEN;Benin;312;UNCDF;23;TRUE
BEN;Benin;312;UNS;2485;TRUE
BEN;Benin;312;UNDP;25;TRUE
BEN;Benin;312;UNEP;28;TRUE
BEN;Benin;312;UNESCO;29;TRUE
BEN;Benin;312;UNFPA;30;TRUE
BEN;Benin;312;UNICEF;32;TRUE
BEN;Benin;312;UNIDO;33;TRUE
BEN;Benin;312;UNOPS;35;TRUE
BEN;Benin;312;UPU;38;TRUE
BEN;Benin;312;WFP;39;TRUE
BEN;Benin;312;WHO;40;TRUE
BEN;Benin;312;IMF;47;TRUE
BEN;Benin;312;IFAD;5;TRUE
BEN;Benin;312;UN RCO;50;TRUE
BEN;Benin;312;ILO;6;TRUE
BEN;Benin;312;IOM;8;TRUE
BEN;Benin;312;ITC;9;TRUE
BFA;Burkina Faso;317;;;TRUE
BFA;Burkina Faso;317;OHCHR;11;TRUE
BFA;Burkina Faso;317;World Bank;1277;TRUE
BFA;Burkina Faso;317;UN-HABITAT;18;TRUE
BFA;Burkina Faso;317;OCHA;19;TRUE
BFA;Burkina Faso;317;FAO;2;TRUE
BFA;Burkina Faso;317;UN Women;21;TRUE
BFA;Burkina Faso;317;UNAIDS;22;TRUE
BFA;Burkina Faso;317;UNDSS;2275;TRUE
BFA;Burkina Faso;317;UNCDF;23;TRUE
BFA;Burkina Faso;317;UNOWAS;23119;TRUE
BFA;Burkina Faso;317;UNS;2485;TRUE
BFA;Burkina Faso;317;UNDP;25;TRUE
BFA;Burkina Faso;317;UNESCO;29;TRUE
BFA;Burkina Faso;317;IAEA;3;TRUE
BFA;Burkina Faso;317;UNFPA;30;TRUE
BFA;Burkina Faso;317;UNHCR;31;TRUE
BFA;Burkina Faso;317;UNICEF;32;TRUE
BFA;Burkina Faso;317;UNIDO;33;TRUE
BFA;Burkina Faso;317;UNODC;34;TRUE
BFA;Burkina Faso;317;UNOPS;35;TRUE
BFA;Burkina Faso;317;UNOCT;3642;TRUE
BFA;Burkina Faso;317;UNV;37;TRUE
BFA;Burkina Faso;317;WFP;39;TRUE
BFA;Burkina Faso;317;ICAO;4;TRUE
BFA;Burkina Faso;317;WHO;40;TRUE
BFA;Burkina Faso;317;IMF;47;TRUE
BFA;Burkina Faso;317;UN RCO;50;TRUE
BFA;Burkina Faso;317;ILO;6;TRUE
BFA;Burkina Faso;317;IOM;8;TRUE
BFA;Burkina Faso;317;ITC;9;TRUE
BGD;Bangladesh;309;FAO;2;TRUE
BGD;Bangladesh;309;UN Women;21;TRUE
BGD;Bangladesh;309;UNAIDS;22;TRUE
BGD;Bangladesh;309;UNCDF;23;TRUE
BGD;Bangladesh;309;UNS;2485;TRUE
BGD;Bangladesh;309;UNDP;25;TRUE
BGD;Bangladesh;309;UNESCO;29;TRUE
BGD;Bangladesh;309;UNFPA;30;TRUE
BGD;Bangladesh;309;UNHCR;31;TRUE
BGD;Bangladesh;309;UNICEF;32;TRUE
BGD;Bangladesh;309;UNIDO;33;TRUE
BGD;Bangladesh;309;UNODC;34;TRUE
BGD;Bangladesh;309;UNOPS;35;TRUE
BGD;Bangladesh;309;UNV;37;TRUE
BGD;Bangladesh;309;WFP;39;TRUE
BGD;Bangladesh;309;WHO;40;TRUE
BGD;Bangladesh;309;IFAD;5;TRUE
BGD;Bangladesh;309;UN RCO;50;TRUE
BGD;Bangladesh;309;ILO;6;TRUE
BGD;Bangladesh;309;IOM;8;TRUE
BHR;Bahrain;308;UN-HABITAT;18;TRUE
BHR;Bahrain;308;FAO;2;TRUE
BHR;Bahrain;308;DGC;2459;TRUE
BHR;Bahrain;308;UNS;2485;TRUE
BHR;Bahrain;308;UNDP;25;TRUE
BHR;Bahrain;308;UNEP;28;TRUE
BHR;Bahrain;308;UNESCO;29;TRUE
BHR;Bahrain;308;UNFPA;30;TRUE
BHR;Bahrain;308;UNIDO;33;TRUE
BHR;Bahrain;308;UNODC;34;TRUE
BHR;Bahrain;308;WHO;40;TRUE
BHR;Bahrain;308;UN RCO;50;TRUE
BHR;Bahrain;308;IOM;8;TRUE
BIH;Bosnia and Herzegovina;315;FAO;2;TRUE
BIH;Bosnia and Herzegovina;315;UN Women;21;TRUE
BIH;Bosnia and Herzegovina;315;UNDSS;2275;TRUE
BIH;Bosnia and Herzegovina;315;UNS;2485;TRUE
BIH;Bosnia and Herzegovina;315;UNDP;25;TRUE
BIH;Bosnia and Herzegovina;315;UNESCO;29;TRUE
BIH;Bosnia and Herzegovina;315;UNFPA;30;TRUE
BIH;Bosnia and Herzegovina;315;UNHCR;31;TRUE
BIH;Bosnia and Herzegovina;315;UNICEF;32;TRUE
BIH;Bosnia and Herzegovina;315;WHO;40;TRUE
BIH;Bosnia and Herzegovina;315;UN RCO;50;TRUE
BIH;Bosnia and Herzegovina;315;ILO;6;TRUE
BIH;Bosnia and Herzegovina;315;IOM;8;TRUE
BLR;Belarus;310;UNAIDS;22;TRUE
BLR;Belarus;310;UNS;2485;TRUE
BLR;Belarus;310;UNDP;25;TRUE
BLR;Belarus;310;UNFPA;30;TRUE
BLR;Belarus;310;UNHCR;31;TRUE
BLR;Belarus;310;UNICEF;32;TRUE
BLR;Belarus;310;WHO;40;TRUE
BLR;Belarus;310;UN RCO;50;TRUE
BLR;Belarus;310;IOM;8;TRUE
BLZ;Belize;311;OHCHR;11;TRUE
BLZ;Belize;311;FAO;2;TRUE
BLZ;Belize;311;UNS;2485;TRUE
BLZ;Belize;311;UNDP;25;TRUE
BLZ;Belize;311;UNFPA;30;TRUE
BLZ;Belize;311;UNHCR;31;TRUE
BLZ;Belize;311;UNICEF;32;TRUE
BLZ;Belize;311;UNOPS;35;TRUE
BLZ;Belize;311;WFP;39;TRUE
BLZ;Belize;311;UN RCO;50;TRUE
BLZ;Belize;311;ILO;6;TRUE
BLZ;Belize;311;IOM;8;TRUE
BLZ;Belize;311;PAHO;962;TRUE
BOL;Bolivia;314;OHCHR;11;TRUE
BOL;Bolivia;314;World Bank;1277;TRUE
BOL;Bolivia;314;UN-HABITAT;18;TRUE
BOL;Bolivia;314;OCHA;19;TRUE
BOL;Bolivia;314;FAO;2;TRUE
BOL;Bolivia;314;UN Women;21;TRUE
BOL;Bolivia;314;UNAIDS;22;TRUE
BOL;Bolivia;314;UNDSS;2275;TRUE
BOL;Bolivia;314;DGC;2459;TRUE
BOL;Bolivia;314;UNS;2485;TRUE
BOL;Bolivia;314;UNDP;25;TRUE
BOL;Bolivia;314;UNEP;28;TRUE
BOL;Bolivia;314;UNESCO;29;TRUE
BOL;Bolivia;314;IAEA;3;TRUE
BOL;Bolivia;314;UNFPA;30;TRUE
BOL;Bolivia;314;UNHCR;31;TRUE
BOL;Bolivia;314;UNICEF;32;TRUE
BOL;Bolivia;314;UNIDO;33;TRUE
BOL;Bolivia;314;UNODC;34;TRUE
BOL;Bolivia;314;UNV;37;TRUE
BOL;Bolivia;314;WFP;39;TRUE
BOL;Bolivia;314;WHO;40;TRUE
BOL;Bolivia;314;IMF;47;TRUE
BOL;Bolivia;314;IFAD;5;TRUE
BOL;Bolivia;314;UN RCO;50;TRUE
BOL;Bolivia;314;ILO;6;TRUE
BOL;Bolivia;314;IMO;7;TRUE
BOL;Bolivia;314;IOM;8;TRUE
BOL;Bolivia;314;PAHO;962;TRUE
BRA;Brazil;399;ITU;10;TRUE
BRA;Brazil;399;UN-HABITAT;18;TRUE
BRA;Brazil;399;FAO;2;TRUE
BRA;Brazil;399;UN Women;21;TRUE
BRA;Brazil;399;UNAIDS;22;TRUE
BRA;Brazil;399;UNS;2485;TRUE
BRA;Brazil;399;UNDP;25;TRUE
BRA;Brazil;399;UNEP;28;TRUE
BRA;Brazil;399;UNESCO;29;TRUE
BRA;Brazil;399;UNFPA;30;TRUE
BRA;Brazil;399;UNHCR;31;TRUE
BRA;Brazil;399;UNICEF;32;TRUE
BRA;Brazil;399;UNIDO;33;TRUE
BRA;Brazil;399;UNODC;34;TRUE
BRA;Brazil;399;UNOPS;35;TRUE
BRA;Brazil;399;UNV;37;TRUE
BRA;Brazil;399;WFP;39;TRUE
BRA;Brazil;399;WHO;40;TRUE
BRA;Brazil;399;IFAD;5;TRUE
BRA;Brazil;399;UN RCO;50;TRUE
BRA;Brazil;399;ILO;6;TRUE
BRA;Brazil;399;IOM;8;TRUE
BRB;Barbados;272;ITU;10;TRUE
BRB;Barbados;272;FAO;2;TRUE
BRB;Barbados;272;UN Women;21;TRUE
BRB;Barbados;272;UNS;2485;TRUE
BRB;Barbados;272;UNDP;25;TRUE
BRB;Barbados;272;UNFPA;30;TRUE
BRB;Barbados;272;UNICEF;32;TRUE
BRB;Barbados;272;WFP;39;TRUE
BRB;Barbados;272;UN RCO;50;TRUE
BRB;Barbados;272;PAHO;962;TRUE
BTN;Bhutan;313;FAO;2;TRUE
BTN;Bhutan;313;UNS;2485;TRUE
BTN;Bhutan;313;UNDP;25;TRUE
BTN;Bhutan;313;UNFPA;30;TRUE
BTN;Bhutan;313;UNICEF;32;TRUE
BTN;Bhutan;313;UNODC;34;TRUE
BTN;Bhutan;313;WFP;39;TRUE
BTN;Bhutan;313;WHO;40;TRUE
BTN;Bhutan;313;UN RCO;50;TRUE
BWA;Botswana;316;World Bank;1277;TRUE
BWA;Botswana;316;FAO;2;TRUE
BWA;Botswana;316;UNAIDS;22;TRUE
BWA;Botswana;316;UNDSS;2275;TRUE
BWA;Botswana;316;UNS;2485;TRUE
BWA;Botswana;316;UNDP;25;TRUE
BWA;Botswana;316;UNESCO;29;TRUE
BWA;Botswana;316;UNFPA;30;TRUE
BWA;Botswana;316;UNHCR;31;TRUE
BWA;Botswana;316;UNICEF;32;TRUE
BWA;Botswana;316;WHO;40;TRUE
BWA;Botswana;316;UN RCO;50;TRUE
BWA;Botswana;316;ILO;6;TRUE
BWA;Botswana;316;IOM;8;TRUE
CAF;Central African Republic;322;OCHA;19;TRUE
CAF;Central African Republic;322;FAO;2;TRUE
CAF;Central African Republic;322;UN Women;21;TRUE
CAF;Central African Republic;322;UNAIDS;22;TRUE
CAF;Central African Republic;322;UNS;2485;TRUE
CAF;Central African Republic;322;UNDP;25;TRUE
CAF;Central African Republic;322;UNFPA;30;TRUE
CAF;Central African Republic;322;UNHCR;31;TRUE
CAF;Central African Republic;322;UNICEF;32;TRUE
CAF;Central African Republic;322;UNOPS;35;TRUE
CAF;Central African Republic;322;WFP;39;TRUE
CAF;Central African Republic;322;WHO;40;TRUE
CAF;Central African Republic;322;UN RCO;50;TRUE
CAF;Central African Republic;322;UNDPO;53;TRUE
CAF;Central African Republic;322;ILO;6;TRUE
CAF;Central African Republic;322;IOM;8;TRUE
CHL;Chile;324;;;TRUE
CHL;Chile;324;UN ECLAC;15;TRUE
CHL;Chile;324;FAO;2;TRUE
CHL;Chile;324;UNS;2485;TRUE
CHL;Chile;324;UNDP;25;TRUE
CHL;Chile;324;UNESCO;29;TRUE
CHL;Chile;324;UNICEF;32;TRUE
CHL;Chile;324;UN RCO;50;TRUE
CHL;Chile;324;ILO;6;TRUE
CHN;China;400;UN ESCAP;16;TRUE
CHN;China;400;UN-HABITAT;18;TRUE
CHN;China;400;FAO;2;TRUE
CHN;China;400;UN Women;21;TRUE
CHN;China;400;UNAIDS;22;TRUE
CHN;China;400;UNS;2485;TRUE
CHN;China;400;UNDP;25;TRUE
CHN;China;400;UNEP;28;TRUE
CHN;China;400;UNESCO;29;TRUE
CHN;China;400;UNFPA;30;TRUE
CHN;China;400;UNHCR;31;TRUE
CHN;China;400;UNICEF;32;TRUE
CHN;China;400;UNIDO;33;TRUE
CHN;China;400;UNV;37;TRUE
CHN;China;400;WFP;39;TRUE
CHN;China;400;ICAO;4;TRUE
CHN;China;400;WHO;40;TRUE
CHN;China;400;IFAD;5;TRUE
CHN;China;400;UN RCO;50;TRUE
CHN;China;400;ILO;6;TRUE
CHN;China;400;IOM;8;TRUE
CIV;Cote d'Ivoire;328;FAO;2;TRUE
CIV;Cote d'Ivoire;328;UN Women;21;TRUE
CIV;Cote d'Ivoire;328;UNAIDS;22;TRUE
CIV;Cote d'Ivoire;328;UNDSS;2275;TRUE
CIV;Cote d'Ivoire;328;UNS;2485;TRUE
CIV;Cote d'Ivoire;328;UNDP;25;TRUE
CIV;Cote d'Ivoire;328;UNEP;28;TRUE
CIV;Cote d'Ivoire;328;UNESCO;29;TRUE
CIV;Cote d'Ivoire;328;UNFPA;30;TRUE
CIV;Cote d'Ivoire;328;UNHCR;31;TRUE
CIV;Cote d'Ivoire;328;UNICEF;32;TRUE
CIV;Cote d'Ivoire;328;UNIDO;33;TRUE
CIV;Cote d'Ivoire;328;WFP;39;TRUE
CIV;Cote d'Ivoire;328;WHO;40;TRUE
CIV;Cote d'Ivoire;328;IFAD;5;TRUE
CIV;Cote d'Ivoire;328;UN RCO;50;TRUE
CIV;Cote d'Ivoire;328;ILO;6;TRUE
CIV;Cote d'Ivoire;328;IOM;8;TRUE
CMR;Cameroon;321;ITU;10;TRUE
CMR;Cameroon;321;OHCHR;11;TRUE
CMR;Cameroon;321;World Bank;1277;TRUE
CMR;Cameroon;321;UN ECA;14;TRUE
CMR;Cameroon;321;OCHA;19;TRUE
CMR;Cameroon;321;FAO;2;TRUE
CMR;Cameroon;321;UN Women;21;TRUE
CMR;Cameroon;321;UNAIDS;22;TRUE
CMR;Cameroon;321;UNOWAS;23119;TRUE
CMR;Cameroon;321;UNS;2485;TRUE
CMR;Cameroon;321;UNDP;25;TRUE
CMR;Cameroon;321;UNESCO;29;TRUE
CMR;Cameroon;321;UNFPA;30;TRUE
CMR;Cameroon;321;UNHCR;31;TRUE
CMR;Cameroon;321;UNICEF;32;TRUE
CMR;Cameroon;321;UNIDO;33;TRUE
CMR;Cameroon;321;UNODC;34;TRUE
CMR;Cameroon;321;UNOPS;35;TRUE
CMR;Cameroon;321;UNV;37;TRUE
CMR;Cameroon;321;WFP;39;TRUE
CMR;Cameroon;321;WHO;40;TRUE
CMR;Cameroon;321;IFAD;5;TRUE
CMR;Cameroon;321;UN RCO;50;TRUE
CMR;Cameroon;321;ILO;6;TRUE
CMR;Cameroon;321;IOM;8;TRUE
COD;Democratic Republic of the Congo;330;OHCHR;11;TRUE
COD;Democratic Republic of the Congo;330;World Bank;1277;TRUE
COD;Democratic Republic of the Congo;330;UN-HABITAT;18;TRUE
COD;Democratic Republic of the Congo;330;OCHA;19;TRUE
COD;Democratic Republic of the Congo;330;FAO;2;TRUE
COD;Democratic Republic of the Congo;330;UN Women;21;TRUE
COD;Democratic Republic of the Congo;330;UNAIDS;22;TRUE
COD;Democratic Republic of the Congo;330;UNDSS;2275;TRUE
COD;Democratic Republic of the Congo;330;UNCDF;23;TRUE
COD;Democratic Republic of the Congo;330;UNS;2485;TRUE
COD;Democratic Republic of the Congo;330;UNDP;25;TRUE
COD;Democratic Republic of the Congo;330;UNESCO;29;TRUE
COD;Democratic Republic of the Congo;330;UNFPA;30;TRUE
COD;Democratic Republic of the Congo;330;UNHCR;31;TRUE
COD;Democratic Republic of the Congo;330;UNICEF;32;TRUE
COD;Democratic Republic of the Congo;330;UNIDO;33;TRUE
COD;Democratic Republic of the Congo;330;UNOPS;35;TRUE
COD;Democratic Republic of the Congo;330;WFP;39;TRUE
COD;Democratic Republic of the Congo;330;WHO;40;TRUE
COD;Democratic Republic of the Congo;330;IMF;47;TRUE
COD;Democratic Republic of the Congo;330;IFAD;5;TRUE
COD;Democratic Republic of the Congo;330;UN RCO;50;TRUE
COD;Democratic Republic of the Congo;330;ILO;6;TRUE
COD;Democratic Republic of the Congo;330;IOM;8;TRUE
COG;Congo;326;FAO;2;TRUE
COG;Congo;326;UNAIDS;22;TRUE
COG;Congo;326;UNS;2485;TRUE
COG;Congo;326;UNDP;25;TRUE
COG;Congo;326;UNESCO;29;TRUE
COG;Congo;326;UNFPA;30;TRUE
COG;Congo;326;UNHCR;31;TRUE
COG;Congo;326;UNICEF;32;TRUE
COG;Congo;326;WFP;39;TRUE
COG;Congo;326;WHO;40;TRUE
COL;Colombia;325;OHCHR;11;TRUE
COL;Colombia;325;World Bank;1277;TRUE
COL;Colombia;325;UN ECLAC;15;TRUE
COL;Colombia;325;UN-HABITAT;18;TRUE
COL;Colombia;325;OCHA;19;TRUE
COL;Colombia;325;FAO;2;TRUE
COL;Colombia;325;UN Women;21;TRUE
COL;Colombia;325;UNDCO;2274;TRUE
COL;Colombia;325;UNDSS;2275;TRUE
COL;Colombia;325;DGC;2459;TRUE
COL;Colombia;325;UNS;2485;TRUE
COL;Colombia;325;UNDP;25;TRUE
COL;Colombia;325;UNVMC;2545;TRUE
COL;Colombia;325;UNEP;28;TRUE
COL;Colombia;325;UNESCO;29;TRUE
COL;Colombia;325;UNFPA;30;TRUE
COL;Colombia;325;UNHCR;31;TRUE
COL;Colombia;325;UNICEF;32;TRUE
COL;Colombia;325;UNIDO;33;TRUE
COL;Colombia;325;UNODC;34;TRUE
COL;Colombia;325;UNOPS;35;TRUE
COL;Colombia;325;UNV;37;TRUE
COL;Colombia;325;WFP;39;TRUE
COL;Colombia;325;IFAD;5;TRUE
COL;Colombia;325;UN RCO;50;TRUE
COL;Colombia;325;ILO;6;TRUE
COL;Colombia;325;IOM;8;TRUE
COL;Colombia;325;PAHO;962;TRUE
COM;Comoros;301;World Bank;1277;TRUE
COM;Comoros;301;FAO;2;TRUE
COM;Comoros;301;UNS;2485;TRUE
COM;Comoros;301;UNDP;25;TRUE
COM;Comoros;301;UNFPA;30;TRUE
COM;Comoros;301;UNICEF;32;TRUE
COM;Comoros;301;WHO;40;TRUE
COM;Comoros;301;IMF;47;TRUE
COM;Comoros;301;UN RCO;50;TRUE
COM;Comoros;301;IOM;8;TRUE
CPV;Cabo Verde;319;ITU;10;TRUE
CPV;Cabo Verde;319;OHCHR;11;TRUE
CPV;Cabo Verde;319;UN ECA;14;TRUE
CPV;Cabo Verde;319;UN-HABITAT;18;TRUE
CPV;Cabo Verde;319;FAO;2;TRUE
CPV;Cabo Verde;319;UN Women;21;TRUE
CPV;Cabo Verde;319;UNCTAD;24;TRUE
CPV;Cabo Verde;319;UNS;2485;TRUE
CPV;Cabo Verde;319;UNDP;25;TRUE
CPV;Cabo Verde;319;UNEP;28;TRUE
CPV;Cabo Verde;319;UNESCO;29;TRUE
CPV;Cabo Verde;319;UNFPA;30;TRUE
CPV;Cabo Verde;319;UNICEF;32;TRUE
CPV;Cabo Verde;319;UNIDO;33;TRUE
CPV;Cabo Verde;319;UNODC;34;TRUE
CPV;Cabo Verde;319;WFP;39;TRUE
CPV;Cabo Verde;319;WHO;40;TRUE
CPV;Cabo Verde;319;WIPO;41;TRUE
CPV;Cabo Verde;319;UN RCO;50;TRUE
CPV;Cabo Verde;319;ILO;6;TRUE
CPV;Cabo Verde;319;IOM;8;TRUE
CRI;Costa Rica;327;;;TRUE
CRI;Costa Rica;327;OHCHR;11;TRUE
CRI;Costa Rica;327;FAO;2;TRUE
CRI;Costa Rica;327;UN Women;21;TRUE
CRI;Costa Rica;327;UNS;2485;TRUE
CRI;Costa Rica;327;UNDP;25;TRUE
CRI;Costa Rica;327;UNESCO;29;TRUE
CRI;Costa Rica;327;UNFPA;30;TRUE
CRI;Costa Rica;327;UNHCR;31;TRUE
CRI;Costa Rica;327;UNICEF;32;TRUE
CRI;Costa Rica;327;UNOPS;35;TRUE
CRI;Costa Rica;327;UPU;38;TRUE
CRI;Costa Rica;327;WHO;40;TRUE
CRI;Costa Rica;327;WMO;42;TRUE
CRI;Costa Rica;327;UN RCO;50;TRUE
CRI;Costa Rica;327;ILO;6;TRUE
CRI;Costa Rica;327;IOM;8;TRUE
CUB;Cuba;329;;;TRUE
CUB;Cuba;329;UN-HABITAT;18;TRUE
CUB;Cuba;329;OCHA;19;TRUE
CUB;Cuba;329;FAO;2;TRUE
CUB;Cuba;329;UN Women;21;TRUE
CUB;Cuba;329;UNAIDS;22;TRUE
CUB;Cuba;329;UNCTAD;24;TRUE
CUB;Cuba;329;UNS;2485;TRUE
CUB;Cuba;329;UNDP;25;TRUE
CUB;Cuba;329;UNEP;28;TRUE
CUB;Cuba;329;UNESCO;29;TRUE
CUB;Cuba;329;UNFPA;30;TRUE
CUB;Cuba;329;UNHCR;31;TRUE
CUB;Cuba;329;UNICEF;32;TRUE
CUB;Cuba;329;UNIDO;33;TRUE
CUB;Cuba;329;UNODC;34;TRUE
CUB;Cuba;329;UNOPS;35;TRUE
CUB;Cuba;329;WFP;39;TRUE
CUB;Cuba;329;WHO;40;TRUE
CUB;Cuba;329;IFAD;5;TRUE
CUB;Cuba;329;UN RCO;50;TRUE
CUB;Cuba;329;ILO;6;TRUE
CUB;Cuba;329;IOM;8;TRUE
CUB;Cuba;329;ITC;9;TRUE
DJI;Djibouti;331;FAO;2;TRUE
DJI;Djibouti;331;UNAIDS;22;TRUE
DJI;Djibouti;331;UNDSS;2275;TRUE
DJI;Djibouti;331;UNS;2485;TRUE
DJI;Djibouti;331;UNDP;25;TRUE
DJI;Djibouti;331;UNFPA;30;TRUE
DJI;Djibouti;331;UNHCR;31;TRUE
DJI;Djibouti;331;UNICEF;32;TRUE
DJI;Djibouti;331;UNOPS;35;TRUE
DJI;Djibouti;331;UNV;37;TRUE
DJI;Djibouti;331;WFP;39;TRUE
DJI;Djibouti;331;WHO;40;TRUE
DJI;Djibouti;331;UN RCO;50;TRUE
DJI;Djibouti;331;ILO;6;TRUE
DJI;Djibouti;331;IOM;8;TRUE
DOM;Dominican Republic;332;FAO;2;TRUE
DOM;Dominican Republic;332;UNAIDS;22;TRUE
DOM;Dominican Republic;332;UNS;2485;TRUE
DOM;Dominican Republic;332;UNDP;25;TRUE
DOM;Dominican Republic;332;UNFPA;30;TRUE
DOM;Dominican Republic;332;UNHCR;31;TRUE
DOM;Dominican Republic;332;UNICEF;32;TRUE
DOM;Dominican Republic;332;WFP;39;TRUE
DOM;Dominican Republic;332;UN RCO;50;TRUE
DOM;Dominican Republic;332;IOM;8;TRUE
DOM;Dominican Republic;332;PAHO;962;TRUE
DZA;Algeria;304;FAO;2;TRUE
DZA;Algeria;304;UNAIDS;22;TRUE
DZA;Algeria;304;UNDSS;2275;TRUE
DZA;Algeria;304;DGC;2459;TRUE
DZA;Algeria;304;UNS;2485;TRUE
DZA;Algeria;304;UNDP;25;TRUE
DZA;Algeria;304;UNFPA;30;TRUE
DZA;Algeria;304;UNHCR;31;TRUE
DZA;Algeria;304;UNICEF;32;TRUE
DZA;Algeria;304;UNIDO;33;TRUE
DZA;Algeria;304;UNODC;34;TRUE
DZA;Algeria;304;WFP;39;TRUE
DZA;Algeria;304;ICAO;4;TRUE
DZA;Algeria;304;WHO;40;TRUE
DZA;Algeria;304;WIPO;41;TRUE
DZA;Algeria;304;UN RCO;50;TRUE
DZA;Algeria;304;ILO;6;TRUE
DZA;Algeria;304;IOM;8;TRUE
ECU;Ecuador;333;FAO;2;TRUE
ECU;Ecuador;333;UN Women;21;TRUE
ECU;Ecuador;333;UNS;2485;TRUE
ECU;Ecuador;333;UNDP;25;TRUE
ECU;Ecuador;333;UNESCO;29;TRUE
ECU;Ecuador;333;UNFPA;30;TRUE
ECU;Ecuador;333;UNHCR;31;TRUE
ECU;Ecuador;333;UNICEF;32;TRUE
ECU;Ecuador;333;UNIDO;33;TRUE
ECU;Ecuador;333;UNODC;34;TRUE
ECU;Ecuador;333;UNV;37;TRUE
ECU;Ecuador;333;WFP;39;TRUE
ECU;Ecuador;333;UN RCO;50;TRUE
ECU;Ecuador;333;ILO;6;TRUE
ECU;Ecuador;333;IOM;8;TRUE
ECU;Ecuador;333;PAHO;962;TRUE
EGY;Egypt;302;;;TRUE
EGY;Egypt;302;ITU;10;TRUE
EGY;Egypt;302;UN-HABITAT;18;TRUE
EGY;Egypt;302;OCHA;19;TRUE
EGY;Egypt;302;FAO;2;TRUE
EGY;Egypt;302;UN Women;21;TRUE
EGY;Egypt;302;UNAIDS;22;TRUE
EGY;Egypt;302;UNDSS;2275;TRUE
EGY;Egypt;302;UNS;2485;TRUE
EGY;Egypt;302;UNDP;25;TRUE
EGY;Egypt;302;UNTSO;2544;TRUE
EGY;Egypt;302;UNESCO;29;TRUE
EGY;Egypt;302;UNFPA;30;TRUE
EGY;Egypt;302;UNHCR;31;TRUE
EGY;Egypt;302;UNICEF;32;TRUE
EGY;Egypt;302;UNIDO;33;TRUE
EGY;Egypt;302;UNODC;34;TRUE
EGY;Egypt;302;UNRWA;36;TRUE
EGY;Egypt;302;UNV;37;TRUE
EGY;Egypt;302;WFP;39;TRUE
EGY;Egypt;302;ICAO;4;TRUE
EGY;Egypt;302;WHO;40;TRUE
EGY;Egypt;302;IMF;47;TRUE
EGY;Egypt;302;IFAD;5;TRUE
EGY;Egypt;302;UN RCO;50;TRUE
EGY;Egypt;302;ILO;6;TRUE
EGY;Egypt;302;UNWTO;73;TRUE
EGY;Egypt;302;IOM;8;TRUE
ERI;Eritrea;336;OCHA;19;TRUE
ERI;Eritrea;336;FAO;2;TRUE
ERI;Eritrea;336;UNAIDS;22;TRUE
ERI;Eritrea;336;UNS;2485;TRUE
ERI;Eritrea;336;UNDP;25;TRUE
ERI;Eritrea;336;UNFPA;30;TRUE
ERI;Eritrea;336;UNHCR;31;TRUE
ERI;Eritrea;336;UNICEF;32;TRUE
ERI;Eritrea;336;WFP;39;TRUE
ERI;Eritrea;336;WHO;40;TRUE
ERI;Eritrea;336;UN RCO;50;TRUE
ETH;Ethiopia;338;;;TRUE
ETH;Ethiopia;338;ITU;10;TRUE
ETH;Ethiopia;338;OHCHR;11;TRUE
ETH;Ethiopia;338;UN ECA;14;TRUE
ETH;Ethiopia;338;UN-HABITAT;18;TRUE
ETH;Ethiopia;338;OCHA;19;TRUE
ETH;Ethiopia;338;FAO;2;TRUE
ETH;Ethiopia;338;UN Women;21;TRUE
ETH;Ethiopia;338;UNAIDS;22;TRUE
ETH;Ethiopia;338;UNCDF;23;TRUE
ETH;Ethiopia;338;UNCTAD;24;TRUE
ETH;Ethiopia;338;UNS;2485;TRUE
ETH;Ethiopia;338;UNDP;25;TRUE
ETH;Ethiopia;338;UNEP;28;TRUE
ETH;Ethiopia;338;UNESCO;29;TRUE
ETH;Ethiopia;338;UNFPA;30;TRUE
ETH;Ethiopia;338;UNHCR;31;TRUE
ETH;Ethiopia;338;UNICEF;32;TRUE
ETH;Ethiopia;338;UNIDO;33;TRUE
ETH;Ethiopia;338;UNODC;34;TRUE
ETH;Ethiopia;338;UNOPS;35;TRUE
ETH;Ethiopia;338;UNV;37;TRUE
ETH;Ethiopia;338;WFP;39;TRUE
ETH;Ethiopia;338;WHO;40;TRUE
ETH;Ethiopia;338;WMO;42;TRUE
ETH;Ethiopia;338;IFAD;5;TRUE
ETH;Ethiopia;338;ILO;6;TRUE
ETH;Ethiopia;338;IOM;8;TRUE
ETH;Ethiopia;338;ITC;9;TRUE
FJI;Fiji;339;;;TRUE
FJI;Fiji;339;OHCHR;11;TRUE
FJI;Fiji;339;UN ESCAP;16;TRUE
FJI;Fiji;339;UN-HABITAT;18;TRUE
FJI;Fiji;339;OCHA;19;TRUE
FJI;Fiji;339;FAO;2;TRUE
FJI;Fiji;339;UN Women;21;TRUE
FJI;Fiji;339;UNAIDS;22;TRUE
FJI;Fiji;339;UNCDF;23;TRUE
FJI;Fiji;339;UNCTAD;24;TRUE
FJI;Fiji;339;UNS;2485;TRUE
FJI;Fiji;339;UNDP;25;TRUE
FJI;Fiji;339;UNEP;28;TRUE
FJI;Fiji;339;UNESCO;29;TRUE
FJI;Fiji;339;UNFPA;30;TRUE
FJI;Fiji;339;UNHCR;31;TRUE
FJI;Fiji;339;UNICEF;32;TRUE
FJI;Fiji;339;UNIDO;33;TRUE
FJI;Fiji;339;UNODC;34;TRUE
FJI;Fiji;339;UNV;37;TRUE
FJI;Fiji;339;WFP;39;TRUE
FJI;Fiji;339;WHO;40;TRUE
FJI;Fiji;339;IFAD;5;TRUE
FJI;Fiji;339;UN RCO;50;TRUE
FJI;Fiji;339;ILO;6;TRUE
FJI;Fiji;339;IOM;8;TRUE
GAB;Gabon;340;World Bank;1277;TRUE
GAB;Gabon;340;FAO;2;TRUE
GAB;Gabon;340;UNAIDS;22;TRUE
GAB;Gabon;340;UNS;2485;TRUE
GAB;Gabon;340;UNDP;25;TRUE
GAB;Gabon;340;UNESCO;29;TRUE
GAB;Gabon;340;UNFPA;30;TRUE
GAB;Gabon;340;UNHCR;31;TRUE
GAB;Gabon;340;UNICEF;32;TRUE
GAB;Gabon;340;UNIDO;33;TRUE
GAB;Gabon;340;UNODC;34;TRUE
GAB;Gabon;340;WHO;40;TRUE
GAB;Gabon;340;IMF;47;TRUE
GAB;Gabon;340;IFAD;5;TRUE
GAB;Gabon;340;UN RCO;50;TRUE
GAB;Gabon;340;ILO;6;TRUE
GEO;Georgia;342;;;TRUE
GEO;Georgia;342;OHCHR;11;TRUE
GEO;Georgia;342;OCHA;19;TRUE
GEO;Georgia;342;FAO;2;TRUE
GEO;Georgia;342;UN Women;21;TRUE
GEO;Georgia;342;UNS;2485;TRUE
GEO;Georgia;342;UNDP;25;TRUE
GEO;Georgia;342;UNFPA;30;TRUE
GEO;Georgia;342;UNHCR;31;TRUE
GEO;Georgia;342;UNICEF;32;TRUE
GEO;Georgia;342;UNIDO;33;TRUE
GEO;Georgia;342;UNODC;34;TRUE
GEO;Georgia;342;UNOPS;35;TRUE
GEO;Georgia;342;WHO;40;TRUE
GEO;Georgia;342;UN RCO;50;TRUE
GEO;Georgia;342;UNDPO;53;TRUE
GEO;Georgia;342;ILO;6;TRUE
GEO;Georgia;342;IOM;8;TRUE
GHA;Ghana;343;UN-HABITAT;18;TRUE
GHA;Ghana;343;FAO;2;TRUE
GHA;Ghana;343;UNAIDS;22;TRUE
GHA;Ghana;343;UNDSS;2275;TRUE
GHA;Ghana;343;UNCDF;23;TRUE
GHA;Ghana;343;UNS;2485;TRUE
GHA;Ghana;343;UNDP;25;TRUE
GHA;Ghana;343;UNESCO;29;TRUE
GHA;Ghana;343;UNFPA;30;TRUE
GHA;Ghana;343;UNHCR;31;TRUE
GHA;Ghana;343;UNICEF;32;TRUE
GHA;Ghana;343;UNIDO;33;TRUE
GHA;Ghana;343;UNODC;34;TRUE
GHA;Ghana;343;UNOPS;35;TRUE
GHA;Ghana;343;WFP;39;TRUE
GHA;Ghana;343;WHO;40;TRUE
GHA;Ghana;343;IFAD;5;TRUE
GHA;Ghana;343;UN RCO;50;TRUE
GHA;Ghana;343;ILO;6;TRUE
GHA;Ghana;343;UNU;69;TRUE
GHA;Ghana;343;IMO;7;TRUE
GHA;Ghana;343;IOM;8;TRUE
GIN;Guinea;345;OHCHR;11;TRUE
GIN;Guinea;345;World Bank;1277;TRUE
GIN;Guinea;345;UN-HABITAT;18;TRUE
GIN;Guinea;345;FAO;2;TRUE
GIN;Guinea;345;UN Women;21;TRUE
GIN;Guinea;345;UNAIDS;22;TRUE
GIN;Guinea;345;UNDSS;2275;TRUE
GIN;Guinea;345;UNCDF;23;TRUE
GIN;Guinea;345;UNS;2485;TRUE
GIN;Guinea;345;UNDP;25;TRUE
GIN;Guinea;345;UNEP;28;TRUE
GIN;Guinea;345;UNESCO;29;TRUE
GIN;Guinea;345;UNFPA;30;TRUE
GIN;Guinea;345;UNHCR;31;TRUE
GIN;Guinea;345;UNICEF;32;TRUE
GIN;Guinea;345;UNIDO;33;TRUE
GIN;Guinea;345;UNODC;34;TRUE
GIN;Guinea;345;UNOPS;35;TRUE
GIN;Guinea;345;WFP;39;TRUE
GIN;Guinea;345;WHO;40;TRUE
GIN;Guinea;345;IMF;47;TRUE
GIN;Guinea;345;IFAD;5;TRUE
GIN;Guinea;345;UN RCO;50;TRUE
GIN;Guinea;345;ILO;6;TRUE
GIN;Guinea;345;IOM;8;TRUE
GIN;Guinea;345;ITC;9;TRUE
GMB;Gambia;341;OHCHR;11;TRUE
GMB;Gambia;341;World Bank;1277;TRUE
GMB;Gambia;341;FAO;2;TRUE
GMB;Gambia;341;UNAIDS;22;TRUE
GMB;Gambia;341;UNCDF;23;TRUE
GMB;Gambia;341;UNCTAD;24;TRUE
GMB;Gambia;341;UNS;2485;TRUE
GMB;Gambia;341;UNDP;25;TRUE
GMB;Gambia;341;UNEP;28;TRUE
GMB;Gambia;341;UNESCO;29;TRUE
GMB;Gambia;341;UNFPA;30;TRUE
GMB;Gambia;341;UNICEF;32;TRUE
GMB;Gambia;341;UNIDO;33;TRUE
GMB;Gambia;341;UNODC;34;TRUE
GMB;Gambia;341;UNOPS;35;TRUE
GMB;Gambia;341;WFP;39;TRUE
GMB;Gambia;341;WHO;40;TRUE
GMB;Gambia;341;IMF;47;TRUE
GMB;Gambia;341;UN RCO;50;TRUE
GMB;Gambia;341;IOM;8;TRUE
GMB;Gambia;341;ITC;9;TRUE
GNB;Guinea-Bissau;401;OHCHR;11;TRUE
GNB;Guinea-Bissau;401;World Bank;1277;TRUE
GNB;Guinea-Bissau;401;UN-HABITAT;18;TRUE
GNB;Guinea-Bissau;401;OCHA;19;TRUE
GNB;Guinea-Bissau;401;FAO;2;TRUE
GNB;Guinea-Bissau;401;UN Women;21;TRUE
GNB;Guinea-Bissau;401;UNAIDS;22;TRUE
GNB;Guinea-Bissau;401;UNS;2485;TRUE
GNB;Guinea-Bissau;401;UNDP;25;TRUE
GNB;Guinea-Bissau;401;UNESCO;29;TRUE
GNB;Guinea-Bissau;401;UNFPA;30;TRUE
GNB;Guinea-Bissau;401;UNHCR;31;TRUE
GNB;Guinea-Bissau;401;UNICEF;32;TRUE
GNB;Guinea-Bissau;401;UNIDO;33;TRUE
GNB;Guinea-Bissau;401;UNODC;34;TRUE
GNB;Guinea-Bissau;401;UNOPS;35;TRUE
GNB;Guinea-Bissau;401;WFP;39;TRUE
GNB;Guinea-Bissau;401;WHO;40;TRUE
GNB;Guinea-Bissau;401;IMF;47;TRUE
GNB;Guinea-Bissau;401;UN RCO;50;TRUE
GNB;Guinea-Bissau;401;UNDPO;53;TRUE
GNB;Guinea-Bissau;401;ILO;6;TRUE
GNB;Guinea-Bissau;401;IMO;7;TRUE
GNQ;Equatorial Guinea;335;FAO;2;TRUE
GNQ;Equatorial Guinea;335;UNAIDS;22;TRUE
GNQ;Equatorial Guinea;335;UNS;2485;TRUE
GNQ;Equatorial Guinea;335;UNDP;25;TRUE
GNQ;Equatorial Guinea;335;UNFPA;30;TRUE
GNQ;Equatorial Guinea;335;UNICEF;32;TRUE
GNQ;Equatorial Guinea;335;WHO;40;TRUE
GNQ;Equatorial Guinea;335;UN RCO;50;TRUE
GTM;Guatemala;344;OHCHR;11;TRUE
GTM;Guatemala;344;UN Women;21;TRUE
GTM;Guatemala;344;UNAIDS;22;TRUE
GTM;Guatemala;344;UNDSS;2275;TRUE
GTM;Guatemala;344;UNS;2485;TRUE
GTM;Guatemala;344;UNDP;25;TRUE
GTM;Guatemala;344;UNESCO;29;TRUE
GTM;Guatemala;344;UNFPA;30;TRUE
GTM;Guatemala;344;UNHCR;31;TRUE
GTM;Guatemala;344;UNICEF;32;TRUE
GTM;Guatemala;344;UNODC;34;TRUE
GTM;Guatemala;344;UNOPS;35;TRUE
GTM;Guatemala;344;WFP;39;TRUE
GTM;Guatemala;344;IFAD;5;TRUE
GTM;Guatemala;344;UN RCO;50;TRUE
GTM;Guatemala;344;IOM;8;TRUE
GTM;Guatemala;344;PAHO;962;TRUE
GUY;Guyana;346;World Bank;1277;TRUE
GUY;Guyana;346;FAO;2;TRUE
GUY;Guyana;346;UN Women;21;TRUE
GUY;Guyana;346;UNAIDS;22;TRUE
GUY;Guyana;346;UNS;2485;TRUE
GUY;Guyana;346;UNDP;25;TRUE
GUY;Guyana;346;UNEP;28;TRUE
GUY;Guyana;346;UNFPA;30;TRUE
GUY;Guyana;346;UNHCR;31;TRUE
GUY;Guyana;346;UNICEF;32;TRUE
GUY;Guyana;346;WFP;39;TRUE
GUY;Guyana;346;UN RCO;50;TRUE
GUY;Guyana;346;IOM;8;TRUE
GUY;Guyana;346;PAHO;962;TRUE
HND;Honduras;348;ITU;10;TRUE
HND;Honduras;348;OHCHR;11;TRUE
HND;Honduras;348;FAO;2;TRUE
HND;Honduras;348;UN Women;21;TRUE
HND;Honduras;348;UNDSS;2275;TRUE
HND;Honduras;348;UNS;2485;TRUE
HND;Honduras;348;UNDP;25;TRUE
HND;Honduras;348;UNFPA;30;TRUE
HND;Honduras;348;UNHCR;31;TRUE
HND;Honduras;348;UNICEF;32;TRUE
HND;Honduras;348;UNODC;34;TRUE
HND;Honduras;348;UNOPS;35;TRUE
HND;Honduras;348;UNV;37;TRUE
HND;Honduras;348;WFP;39;TRUE
HND;Honduras;348;UN RCO;50;TRUE
HND;Honduras;348;ILO;6;TRUE
HND;Honduras;348;IOM;8;TRUE
HND;Honduras;348;PAHO;962;TRUE
HTI;Haiti;347;OCHA;19;TRUE
HTI;Haiti;347;FAO;2;TRUE
HTI;Haiti;347;UN Women;21;TRUE
HTI;Haiti;347;UNAIDS;22;TRUE
HTI;Haiti;347;UNDSS;2275;TRUE
HTI;Haiti;347;UNS;2485;TRUE
HTI;Haiti;347;UNDP;25;TRUE
HTI;Haiti;347;UNEP;28;TRUE
HTI;Haiti;347;UNESCO;29;TRUE
HTI;Haiti;347;UNFPA;30;TRUE
HTI;Haiti;347;UNICEF;32;TRUE
HTI;Haiti;347;UNOPS;35;TRUE
HTI;Haiti;347;WFP;39;TRUE
HTI;Haiti;347;WHO;40;TRUE
HTI;Haiti;347;UN RCO;50;TRUE
HTI;Haiti;347;ILO;6;TRUE
HTI;Haiti;347;IOM;8;TRUE
HTI;Haiti;347;PAHO;962;TRUE
IDN;Indonesia;403;ITU;10;TRUE
IDN;Indonesia;403;OCHA;19;TRUE
IDN;Indonesia;403;FAO;2;TRUE
IDN;Indonesia;403;UN Women;21;TRUE
IDN;Indonesia;403;UNAIDS;22;TRUE
IDN;Indonesia;403;UNDSS;2275;TRUE
IDN;Indonesia;403;DGC;2459;TRUE
IDN;Indonesia;403;UNS;2485;TRUE
IDN;Indonesia;403;UNDP;25;TRUE
IDN;Indonesia;403;UNEP;28;TRUE
IDN;Indonesia;403;UNESCO;29;TRUE
IDN;Indonesia;403;UNFPA;30;TRUE
IDN;Indonesia;403;UNHCR;31;TRUE
IDN;Indonesia;403;UNICEF;32;TRUE
IDN;Indonesia;403;UNIDO;33;TRUE
IDN;Indonesia;403;UNODC;34;TRUE
IDN;Indonesia;403;UNOPS;35;TRUE
IDN;Indonesia;403;WFP;39;TRUE
IDN;Indonesia;403;WHO;40;TRUE
IDN;Indonesia;403;IFAD;5;TRUE
IDN;Indonesia;403;UN RCO;50;TRUE
IDN;Indonesia;403;ILO;6;TRUE
IDN;Indonesia;403;IOM;8;TRUE
IND;India;402;;;TRUE
IND;India;402;World Bank;1277;TRUE
IND;India;402;UN ESCAP;16;TRUE
IND;India;402;UN-HABITAT;18;TRUE
IND;India;402;FAO;2;TRUE
IND;India;402;UN Women;21;TRUE
IND;India;402;UNAIDS;22;TRUE
IND;India;402;UNDSS;2275;TRUE
IND;India;402;DGC;2459;TRUE
IND;India;402;UNS;2485;TRUE
IND;India;402;UNDP;25;TRUE
IND;India;402;UNEP;28;TRUE
IND;India;402;UNESCO;29;TRUE
IND;India;402;UNFPA;30;TRUE
IND;India;402;UNHCR;31;TRUE
IND;India;402;UNICEF;32;TRUE
IND;India;402;UNIDO;33;TRUE
IND;India;402;UNODC;34;TRUE
IND;India;402;UNOPS;35;TRUE
IND;India;402;UNV;37;TRUE
IND;India;402;WFP;39;TRUE
IND;India;402;WHO;40;TRUE
IND;India;402;IMF;47;TRUE
IND;India;402;IFAD;5;TRUE
IND;India;402;UN RCO;50;TRUE
IND;India;402;UNDPO;53;TRUE
IND;India;402;ILO;6;TRUE
IND;India;402;IOM;8;TRUE
IRN;Iran;404;;;TRUE
IRN;Iran;404;UN ESCAP;16;TRUE
IRN;Iran;404;UN-HABITAT;18;TRUE
IRN;Iran;404;OCHA;19;TRUE
IRN;Iran;404;FAO;2;TRUE
IRN;Iran;404;UNAIDS;22;TRUE
IRN;Iran;404;UNDSS;2275;TRUE
IRN;Iran;404;UNS;2485;TRUE
IRN;Iran;404;UNAMA;2492;TRUE
IRN;Iran;404;UNAMI;2493;TRUE
IRN;Iran;404;UNDP;25;TRUE
IRN;Iran;404;UNESCO;29;TRUE
IRN;Iran;404;UNFPA;30;TRUE
IRN;Iran;404;UNHCR;31;TRUE
IRN;Iran;404;UNICEF;32;TRUE
IRN;Iran;404;UNIDO;33;TRUE
IRN;Iran;404;UNODC;34;TRUE
IRN;Iran;404;WFP;39;TRUE
IRN;Iran;404;WHO;40;TRUE
IRN;Iran;404;UN RCO;50;TRUE
IRN;Iran;404;IOM;8;TRUE
IRQ;Iraq;349;;;TRUE
IRQ;Iraq;349;OHCHR;11;TRUE
IRQ;Iraq;349;UN-HABITAT;18;TRUE
IRQ;Iraq;349;OCHA;19;TRUE
IRQ;Iraq;349;FAO;2;TRUE
IRQ;Iraq;349;UN Women;21;TRUE
IRQ;Iraq;349;UNS;2485;TRUE
IRQ;Iraq;349;UNDP;25;TRUE
IRQ;Iraq;349;UNEP;28;TRUE
IRQ;Iraq;349;UNESCO;29;TRUE
IRQ;Iraq;349;UNFPA;30;TRUE
IRQ;Iraq;349;UNHCR;31;TRUE
IRQ;Iraq;349;UNICEF;32;TRUE
IRQ;Iraq;349;UNIDO;33;TRUE
IRQ;Iraq;349;UNODC;34;TRUE
IRQ;Iraq;349;UNOPS;35;TRUE
IRQ;Iraq;349;UNV;37;TRUE
IRQ;Iraq;349;WFP;39;TRUE
IRQ;Iraq;349;WHO;40;TRUE
IRQ;Iraq;349;UNDPO;53;TRUE
IRQ;Iraq;349;ILO;6;TRUE
IRQ;Iraq;349;IOM;8;TRUE
IRQ;Iraq;349;ITC;9;TRUE
JAM;Jamaica;350;ISA;17208;TRUE
JAM;Jamaica;350;FAO;2;TRUE
JAM;Jamaica;350;UN Women;21;TRUE
JAM;Jamaica;350;UNAIDS;22;TRUE
JAM;Jamaica;350;UNDSS;2275;TRUE
JAM;Jamaica;350;UNS;2485;TRUE
JAM;Jamaica;350;UNDP;25;TRUE
JAM;Jamaica;350;UNEP;28;TRUE
JAM;Jamaica;350;UNESCO;29;TRUE
JAM;Jamaica;350;UNFPA;30;TRUE
JAM;Jamaica;350;UNICEF;32;TRUE
JAM;Jamaica;350;WFP;39;TRUE
JAM;Jamaica;350;UN RCO;50;TRUE
JAM;Jamaica;350;IOM;8;TRUE
JOR;Jordan;351;UN-HABITAT;18;TRUE
JOR;Jordan;351;OCHA;19;TRUE
JOR;Jordan;351;FAO;2;TRUE
JOR;Jordan;351;UN Women;21;TRUE
JOR;Jordan;351;UNS;2485;TRUE
JOR;Jordan;351;UNDP;25;TRUE
JOR;Jordan;351;UNESCO;29;TRUE
JOR;Jordan;351;UNFPA;30;TRUE
JOR;Jordan;351;UNHCR;31;TRUE
JOR;Jordan;351;UNICEF;32;TRUE
JOR;Jordan;351;UNIDO;33;TRUE
JOR;Jordan;351;UNODC;34;TRUE
JOR;Jordan;351;UNOPS;35;TRUE
JOR;Jordan;351;UNRWA;36;TRUE
JOR;Jordan;351;WFP;39;TRUE
JOR;Jordan;351;WHO;40;TRUE
JOR;Jordan;351;UN RCO;50;TRUE
JOR;Jordan;351;ILO;6;TRUE
JOR;Jordan;351;IOM;8;TRUE
KAZ;Kazakhstan;417;OHCHR;11;TRUE
KAZ;Kazakhstan;417;UN ESCAP;16;TRUE
KAZ;Kazakhstan;417;FAO;2;TRUE
KAZ;Kazakhstan;417;UN Women;21;TRUE
KAZ;Kazakhstan;417;UNAIDS;22;TRUE
KAZ;Kazakhstan;417;UNDSS;2275;TRUE
KAZ;Kazakhstan;417;DGC;2459;TRUE
KAZ;Kazakhstan;417;UNS;2485;TRUE
KAZ;Kazakhstan;417;UNDP;25;TRUE
KAZ;Kazakhstan;417;UNRCCA;2531;TRUE
KAZ;Kazakhstan;417;UNEP;28;TRUE
KAZ;Kazakhstan;417;UNESCO;29;TRUE
KAZ;Kazakhstan;417;UNFPA;30;TRUE
KAZ;Kazakhstan;417;UNHCR;31;TRUE
KAZ;Kazakhstan;417;UNICEF;32;TRUE
KAZ;Kazakhstan;417;UNODC;34;TRUE
KAZ;Kazakhstan;417;UNV;37;TRUE
KAZ;Kazakhstan;417;WHO;40;TRUE
KAZ;Kazakhstan;417;UN RCO;50;TRUE
KAZ;Kazakhstan;417;ILO;6;TRUE
KAZ;Kazakhstan;417;IOM;8;TRUE
KEN;Kenya;418;;;TRUE
KEN;Kenya;418;UN-HABITAT;18;TRUE
KEN;Kenya;418;OCHA;19;TRUE
KEN;Kenya;418;FAO;2;TRUE
KEN;Kenya;418;UN Women;21;TRUE
KEN;Kenya;418;UNAIDS;22;TRUE
KEN;Kenya;418;UNS;2485;TRUE
KEN;Kenya;418;UNDP;25;TRUE
KEN;Kenya;418;UNON;2523;TRUE
KEN;Kenya;418;UNEP;28;TRUE
KEN;Kenya;418;UNSOS;28383;TRUE
KEN;Kenya;418;UNESCO;29;TRUE
KEN;Kenya;418;UNFPA;30;TRUE
KEN;Kenya;418;UNHCR;31;TRUE
KEN;Kenya;418;UNICEF;32;TRUE
KEN;Kenya;418;UNIDO;33;TRUE
KEN;Kenya;418;UNODC;34;TRUE
KEN;Kenya;418;UNOPS;35;TRUE
KEN;Kenya;418;WFP;39;TRUE
KEN;Kenya;418;ICAO;4;TRUE
KEN;Kenya;418;WHO;40;TRUE
KEN;Kenya;418;WMO;42;TRUE
KEN;Kenya;418;IFAD;5;TRUE
KEN;Kenya;418;UN RCO;50;TRUE
KEN;Kenya;418;ILO;6;TRUE
KEN;Kenya;418;IMO;7;TRUE
KEN;Kenya;418;IOM;8;TRUE
KGZ;Kyrgyzstan;353;OHCHR;11;TRUE
KGZ;Kyrgyzstan;353;FAO;2;TRUE
KGZ;Kyrgyzstan;353;UN Women;21;TRUE
KGZ;Kyrgyzstan;353;UNAIDS;22;TRUE
KGZ;Kyrgyzstan;353;UNS;2485;TRUE
KGZ;Kyrgyzstan;353;UNDP;25;TRUE
KGZ;Kyrgyzstan;353;UNFPA;30;TRUE
KGZ;Kyrgyzstan;353;UNHCR;31;TRUE
KGZ;Kyrgyzstan;353;UNICEF;32;TRUE
KGZ;Kyrgyzstan;353;UNIDO;33;TRUE
KGZ;Kyrgyzstan;353;UNODC;34;TRUE
KGZ;Kyrgyzstan;353;WFP;39;TRUE
KGZ;Kyrgyzstan;353;WHO;40;TRUE
KGZ;Kyrgyzstan;353;UN RCO;50;TRUE
KGZ;Kyrgyzstan;353;IOM;8;TRUE
KHM;Cambodia;320;OHCHR;11;TRUE
KHM;Cambodia;320;World Bank;1277;TRUE
KHM;Cambodia;320;UN-HABITAT;18;TRUE
KHM;Cambodia;320;FAO;2;TRUE
KHM;Cambodia;320;UN Women;21;TRUE
KHM;Cambodia;320;UNAIDS;22;TRUE
KHM;Cambodia;320;UNCDF;23;TRUE
KHM;Cambodia;320;UNS;2485;TRUE
KHM;Cambodia;320;UNDP;25;TRUE
KHM;Cambodia;320;UNEP;28;TRUE
KHM;Cambodia;320;UNESCO;29;TRUE
KHM;Cambodia;320;IAEA;3;TRUE
KHM;Cambodia;320;UNFPA;30;TRUE
KHM;Cambodia;320;UNHCR;31;TRUE
KHM;Cambodia;320;UNICEF;32;TRUE
KHM;Cambodia;320;UNIDO;33;TRUE
KHM;Cambodia;320;UNODC;34;TRUE
KHM;Cambodia;320;UNOPS;35;TRUE
KHM;Cambodia;320;UNV;37;TRUE
KHM;Cambodia;320;WFP;39;TRUE
KHM;Cambodia;320;WHO;40;TRUE
KHM;Cambodia;320;IMF;47;TRUE
KHM;Cambodia;320;IFAD;5;TRUE
KHM;Cambodia;320;ILO;6;TRUE
KHM;Cambodia;320;IOM;8;TRUE
KHM;Cambodia;320;ITC;9;TRUE
KWT;Kuwait;352;UN-HABITAT;18;TRUE
KWT;Kuwait;352;OCHA;19;TRUE
KWT;Kuwait;352;UNDSS;2275;TRUE
KWT;Kuwait;352;UNS;2485;TRUE
KWT;Kuwait;352;UNDP;25;TRUE
KWT;Kuwait;352;UNHCR;31;TRUE
KWT;Kuwait;352;UNICEF;32;TRUE
KWT;Kuwait;352;WFP;39;TRUE
KWT;Kuwait;352;WHO;40;TRUE
KWT;Kuwait;352;UN RCO;50;TRUE
KWT;Kuwait;352;ILO;6;TRUE
KWT;Kuwait;352;IOM;8;TRUE
LAO;Lao PDR;406;UN-HABITAT;18;TRUE
LAO;Lao PDR;406;FAO;2;TRUE
LAO;Lao PDR;406;UNAIDS;22;TRUE
LAO;Lao PDR;406;UNCDF;23;TRUE
LAO;Lao PDR;406;UNS;2485;TRUE
LAO;Lao PDR;406;UNDP;25;TRUE
LAO;Lao PDR;406;UNESCO;29;TRUE
LAO;Lao PDR;406;UNFPA;30;TRUE
LAO;Lao PDR;406;UNICEF;32;TRUE
LAO;Lao PDR;406;UNIDO;33;TRUE
LAO;Lao PDR;406;UNODC;34;TRUE
LAO;Lao PDR;406;UNOPS;35;TRUE
LAO;Lao PDR;406;UNV;37;TRUE
LAO;Lao PDR;406;WFP;39;TRUE
LAO;Lao PDR;406;WHO;40;TRUE
LAO;Lao PDR;406;IMF;47;TRUE
LAO;Lao PDR;406;IFAD;5;TRUE
LAO;Lao PDR;406;UN RCO;50;TRUE
LAO;Lao PDR;406;ILO;6;TRUE
LAO;Lao PDR;406;IOM;8;TRUE
LAO;Lao PDR;406;ITC;9;TRUE
LBN;Lebanon;354;;;TRUE
LBN;Lebanon;354;OHCHR;11;TRUE
LBN;Lebanon;354;World Bank;1277;TRUE
LBN;Lebanon;354;UN ESCWA;17;TRUE
LBN;Lebanon;354;UN-HABITAT;18;TRUE
LBN;Lebanon;354;OCHA;19;TRUE
LBN;Lebanon;354;FAO;2;TRUE
LBN;Lebanon;354;UN Women;21;TRUE
LBN;Lebanon;354;UNS;2485;TRUE
LBN;Lebanon;354;UNDP;25;TRUE
LBN;Lebanon;354;UNTSO;2544;TRUE
LBN;Lebanon;354;UNEP;28;TRUE
LBN;Lebanon;354;UNESCO;29;TRUE
LBN;Lebanon;354;UNFPA;30;TRUE
LBN;Lebanon;354;UNHCR;31;TRUE
LBN;Lebanon;354;UNSCOL;31166;TRUE
LBN;Lebanon;354;UNICEF;32;TRUE
LBN;Lebanon;354;UNIDO;33;TRUE
LBN;Lebanon;354;UNODC;34;TRUE
LBN;Lebanon;354;UNOPS;35;TRUE
LBN;Lebanon;354;UNRWA;36;TRUE
LBN;Lebanon;354;UNV;37;TRUE
LBN;Lebanon;354;WFP;39;TRUE
LBN;Lebanon;354;WHO;40;TRUE
LBN;Lebanon;354;IMF;47;TRUE
LBN;Lebanon;354;UN RCO;50;TRUE
LBN;Lebanon;354;UNDPO;53;TRUE
LBN;Lebanon;354;ILO;6;TRUE
LBN;Lebanon;354;IOM;8;TRUE
LBR;Liberia;407;OHCHR;11;TRUE
LBR;Liberia;407;World Bank;1277;TRUE
LBR;Liberia;407;FAO;2;TRUE
LBR;Liberia;407;UN Women;21;TRUE
LBR;Liberia;407;UNAIDS;22;TRUE
LBR;Liberia;407;UNDSS;2275;TRUE
LBR;Liberia;407;UNS;2485;TRUE
LBR;Liberia;407;UNDP;25;TRUE
LBR;Liberia;407;UNESCO;29;TRUE
LBR;Liberia;407;UNFPA;30;TRUE
LBR;Liberia;407;UNHCR;31;TRUE
LBR;Liberia;407;UNICEF;32;TRUE
LBR;Liberia;407;UNIDO;33;TRUE
LBR;Liberia;407;UNODC;34;TRUE
LBR;Liberia;407;UNOPS;35;TRUE
LBR;Liberia;407;UNV;37;TRUE
LBR;Liberia;407;WFP;39;TRUE
LBR;Liberia;407;WHO;40;TRUE
LBR;Liberia;407;IMF;47;TRUE
LBR;Liberia;407;UN RCO;50;TRUE
LBR;Liberia;407;ILO;6;TRUE
LBR;Liberia;407;IOM;8;TRUE
LBY;Libya;408;OHCHR;11;TRUE
LBY;Libya;408;OCHA;19;TRUE
LBY;Libya;408;UN Women;21;TRUE
LBY;Libya;408;UNDSS;2275;TRUE
LBY;Libya;408;UNS;2485;TRUE
LBY;Libya;408;UNDP;25;TRUE
LBY;Libya;408;UNSMIL;2539;TRUE
LBY;Libya;408;UNFPA;30;TRUE
LBY;Libya;408;UNHCR;31;TRUE
LBY;Libya;408;UNICEF;32;TRUE
LBY;Libya;408;UNODC;34;TRUE
LBY;Libya;408;UNOPS;35;TRUE
LBY;Libya;408;WFP;39;TRUE
LBY;Libya;408;WHO;40;TRUE
LBY;Libya;408;UN RCO;50;TRUE
LBY;Libya;408;IOM;8;TRUE
LKA;Sri Lanka;412;OHCHR;11;TRUE
LKA;Sri Lanka;412;UN-HABITAT;18;TRUE
LKA;Sri Lanka;412;FAO;2;TRUE
LKA;Sri Lanka;412;UN Women;21;TRUE
LKA;Sri Lanka;412;UNDSS;2275;TRUE
LKA;Sri Lanka;412;UNS;2485;TRUE
LKA;Sri Lanka;412;UNDP;25;TRUE
LKA;Sri Lanka;412;UNFPA;30;TRUE
LKA;Sri Lanka;412;UNHCR;31;TRUE
LKA;Sri Lanka;412;UNICEF;32;TRUE
LKA;Sri Lanka;412;UNIDO;33;TRUE
LKA;Sri Lanka;412;UNODC;34;TRUE
LKA;Sri Lanka;412;UNOPS;35;TRUE
LKA;Sri Lanka;412;UNV;37;TRUE
LKA;Sri Lanka;412;WFP;39;TRUE
LKA;Sri Lanka;412;WHO;40;TRUE
LKA;Sri Lanka;412;UN RCO;50;TRUE
LKA;Sri Lanka;412;ILO;6;TRUE
LKA;Sri Lanka;412;IOM;8;TRUE
LSO;Lesotho;355;World Bank;1277;TRUE
LSO;Lesotho;355;FAO;2;TRUE
LSO;Lesotho;355;UNAIDS;22;TRUE
LSO;Lesotho;355;UNDSS;2275;TRUE
LSO;Lesotho;355;UNS;2485;TRUE
LSO;Lesotho;355;UNDP;25;TRUE
LSO;Lesotho;355;UNFPA;30;TRUE
LSO;Lesotho;355;UNICEF;32;TRUE
LSO;Lesotho;355;WFP;39;TRUE
LSO;Lesotho;355;WHO;40;TRUE
LSO;Lesotho;355;UN RCO;50;TRUE
LSO;Lesotho;355;IOM;8;TRUE
MAR;Morocco;420;UN ECA;14;TRUE
MAR;Morocco;420;UN-HABITAT;18;TRUE
MAR;Morocco;420;FAO;2;TRUE
MAR;Morocco;420;UN Women;21;TRUE
MAR;Morocco;420;UNAIDS;22;TRUE
MAR;Morocco;420;UNS;2485;TRUE
MAR;Morocco;420;UNDP;25;TRUE
MAR;Morocco;420;UNESCO;29;TRUE
MAR;Morocco;420;UNFPA;30;TRUE
MAR;Morocco;420;UNHCR;31;TRUE
MAR;Morocco;420;UNICEF;32;TRUE
MAR;Morocco;420;UNOPS;35;TRUE
MAR;Morocco;420;WFP;39;TRUE
MAR;Morocco;420;WHO;40;TRUE
MAR;Morocco;420;IFAD;5;TRUE
MAR;Morocco;420;UN RCO;50;TRUE
MAR;Morocco;420;IOM;8;TRUE
MDA;Moldova;376;OHCHR;11;TRUE
MDA;Moldova;376;FAO;2;TRUE
MDA;Moldova;376;UN Women;21;TRUE
MDA;Moldova;376;UNAIDS;22;TRUE
MDA;Moldova;376;UNS;2485;TRUE
MDA;Moldova;376;UNDP;25;TRUE
MDA;Moldova;376;UNFPA;30;TRUE
MDA;Moldova;376;UNHCR;31;TRUE
MDA;Moldova;376;UNICEF;32;TRUE
MDA;Moldova;376;UNODC;34;TRUE
MDA;Moldova;376;WFP;39;TRUE
MDA;Moldova;376;WHO;40;TRUE
MDA;Moldova;376;ILO;6;TRUE
MDA;Moldova;376;IOM;8;TRUE
MDG;Madagascar;356;OHCHR;11;TRUE
MDG;Madagascar;356;OCHA;19;TRUE
MDG;Madagascar;356;FAO;2;TRUE
MDG;Madagascar;356;UNAIDS;22;TRUE
MDG;Madagascar;356;UNCDF;23;TRUE
MDG;Madagascar;356;UNS;2485;TRUE
MDG;Madagascar;356;UNDP;25;TRUE
MDG;Madagascar;356;UNESCO;29;TRUE
MDG;Madagascar;356;UNFPA;30;TRUE
MDG;Madagascar;356;UNICEF;32;TRUE
MDG;Madagascar;356;UNIDO;33;TRUE
MDG;Madagascar;356;WFP;39;TRUE
MDG;Madagascar;356;WHO;40;TRUE
MDG;Madagascar;356;UN RCO;50;TRUE
MDG;Madagascar;356;ILO;6;TRUE
MDG;Madagascar;356;IOM;8;TRUE
MDV;Maldives;358;World Bank;1277;TRUE
MDV;Maldives;358;UN ESCAP;16;TRUE
MDV;Maldives;358;FAO;2;TRUE
MDV;Maldives;358;UNS;2485;TRUE
MDV;Maldives;358;UNDP;25;TRUE
MDV;Maldives;358;UNEP;28;TRUE
MDV;Maldives;358;UNESCO;29;TRUE
MDV;Maldives;358;UNFPA;30;TRUE
MDV;Maldives;358;UNHCR;31;TRUE
MDV;Maldives;358;UNICEF;32;TRUE
MDV;Maldives;358;UNIDO;33;TRUE
MDV;Maldives;358;UNODC;34;TRUE
MDV;Maldives;358;UNOPS;35;TRUE
MDV;Maldives;358;WHO;40;TRUE
MDV;Maldives;358;IFAD;5;TRUE
MDV;Maldives;358;UN RCO;50;TRUE
MDV;Maldives;358;ILO;6;TRUE
MDV;Maldives;358;IOM;8;TRUE
MEX;Mexico;362;OHCHR;11;TRUE
MEX;Mexico;362;UN ECLAC;15;TRUE
MEX;Mexico;362;UN-HABITAT;18;TRUE
MEX;Mexico;362;OCHA;19;TRUE
MEX;Mexico;362;FAO;2;TRUE
MEX;Mexico;362;UN Women;21;TRUE
MEX;Mexico;362;DGC;2459;TRUE
MEX;Mexico;362;UNS;2485;TRUE
MEX;Mexico;362;UNDP;25;TRUE
MEX;Mexico;362;UNEP;28;TRUE
MEX;Mexico;362;UNESCO;29;TRUE
MEX;Mexico;362;UNFPA;30;TRUE
MEX;Mexico;362;UNHCR;31;TRUE
MEX;Mexico;362;UNICEF;32;TRUE
MEX;Mexico;362;UNIDO;33;TRUE
MEX;Mexico;362;UNODC;34;TRUE
MEX;Mexico;362;UNOPS;35;TRUE
MEX;Mexico;362;ICAO;4;TRUE
MEX;Mexico;362;UN RCO;50;TRUE
MEX;Mexico;362;ILO;6;TRUE
MEX;Mexico;362;IOM;8;TRUE
MEX;Mexico;362;PAHO;962;TRUE
MKD;North Macedonia;370;OHCHR;11;TRUE
MKD;North Macedonia;370;FAO;2;TRUE
MKD;North Macedonia;370;UN Women;21;TRUE
MKD;North Macedonia;370;UNS;2485;TRUE
MKD;North Macedonia;370;UNDP;25;TRUE
MKD;North Macedonia;370;UNFPA;30;TRUE
MKD;North Macedonia;370;UNHCR;31;TRUE
MKD;North Macedonia;370;UNICEF;32;TRUE
MKD;North Macedonia;370;UNODC;34;TRUE
MKD;North Macedonia;370;UNOPS;35;TRUE
MKD;North Macedonia;370;WHO;40;TRUE
MKD;North Macedonia;370;UN RCO;50;TRUE
MKD;North Macedonia;370;ILO;6;TRUE
MKD;North Macedonia;370;IOM;8;TRUE
MLI;Mali;359;OHCHR;11;TRUE
MLI;Mali;359;World Bank;1277;TRUE
MLI;Mali;359;OCHA;19;TRUE
MLI;Mali;359;FAO;2;TRUE
MLI;Mali;359;UN Women;21;TRUE
MLI;Mali;359;UNAIDS;22;TRUE
MLI;Mali;359;UNCDF;23;TRUE
MLI;Mali;359;UNS;2485;TRUE
MLI;Mali;359;UNDP;25;TRUE
MLI;Mali;359;UNESCO;29;TRUE
MLI;Mali;359;UNFPA;30;TRUE
MLI;Mali;359;UNHCR;31;TRUE
MLI;Mali;359;UNICEF;32;TRUE
MLI;Mali;359;UNIDO;33;TRUE
MLI;Mali;359;UNODC;34;TRUE
MLI;Mali;359;UNOPS;35;TRUE
MLI;Mali;359;UNV;37;TRUE
MLI;Mali;359;WFP;39;TRUE
MLI;Mali;359;WHO;40;TRUE
MLI;Mali;359;IMF;47;TRUE
MLI;Mali;359;IFAD;5;TRUE
MLI;Mali;359;UN RCO;50;TRUE
MLI;Mali;359;ILO;6;TRUE
MLI;Mali;359;IOM;8;TRUE
MMR;Myanmar;366;UN-HABITAT;18;TRUE
MMR;Myanmar;366;OCHA;19;TRUE
MMR;Myanmar;366;FAO;2;TRUE
MMR;Myanmar;366;UN Women;21;TRUE
MMR;Myanmar;366;UNAIDS;22;TRUE
MMR;Myanmar;366;UNDSS;2275;TRUE
MMR;Myanmar;366;UNS;2485;TRUE
MMR;Myanmar;366;UNDP;25;TRUE
MMR;Myanmar;366;UNESCO;29;TRUE
MMR;Myanmar;366;UNFPA;30;TRUE
MMR;Myanmar;366;UNHCR;31;TRUE
MMR;Myanmar;366;UNICEF;32;TRUE
MMR;Myanmar;366;UNODC;34;TRUE
MMR;Myanmar;366;UNOPS;35;TRUE
MMR;Myanmar;366;WFP;39;TRUE
MMR;Myanmar;366;WHO;40;TRUE
MMR;Myanmar;366;UN RCO;50;TRUE
MMR;Myanmar;366;ILO;6;TRUE
MMR;Myanmar;366;IOM;8;TRUE
MNE;Montenegro;364;UNS;2485;TRUE
MNE;Montenegro;364;UNDP;25;TRUE
MNE;Montenegro;364;UNEP;28;TRUE
MNE;Montenegro;364;UNHCR;31;TRUE
MNE;Montenegro;364;UNICEF;32;TRUE
MNE;Montenegro;364;UNIDO;33;TRUE
MNE;Montenegro;364;UNOPS;35;TRUE
MNE;Montenegro;364;WHO;40;TRUE
MNE;Montenegro;364;UN RCO;50;TRUE
MNE;Montenegro;364;ILO;6;TRUE
MNE;Montenegro;364;IOM;8;TRUE
MNG;Mongolia;363;UN-HABITAT;18;TRUE
MNG;Mongolia;363;FAO;2;TRUE
MNG;Mongolia;363;UNDSS;2275;TRUE
MNG;Mongolia;363;UNS;2485;TRUE
MNG;Mongolia;363;UNDP;25;TRUE
MNG;Mongolia;363;UNFPA;30;TRUE
MNG;Mongolia;363;UNHCR;31;TRUE
MNG;Mongolia;363;UNICEF;32;TRUE
MNG;Mongolia;363;WHO;40;TRUE
MNG;Mongolia;363;UN RCO;50;TRUE
MNG;Mongolia;363;ILO;6;TRUE
MNG;Mongolia;363;IOM;8;TRUE
MOZ;Mozambique;365;OHCHR;11;TRUE
MOZ;Mozambique;365;World Bank;1277;TRUE
MOZ;Mozambique;365;UN ECA;14;TRUE
MOZ;Mozambique;365;UN-HABITAT;18;TRUE
MOZ;Mozambique;365;OCHA;19;TRUE
MOZ;Mozambique;365;FAO;2;TRUE
MOZ;Mozambique;365;UN Women;21;TRUE
MOZ;Mozambique;365;UNAIDS;22;TRUE
MOZ;Mozambique;365;UNDSS;2275;TRUE
MOZ;Mozambique;365;UNCDF;23;TRUE
MOZ;Mozambique;365;UNCTAD;24;TRUE
MOZ;Mozambique;365;UNS;2485;TRUE
MOZ;Mozambique;365;UNDP;25;TRUE
MOZ;Mozambique;365;UNEP;28;TRUE
MOZ;Mozambique;365;UNESCO;29;TRUE
MOZ;Mozambique;365;UNFPA;30;TRUE
MOZ;Mozambique;365;UNHCR;31;TRUE
MOZ;Mozambique;365;UNICEF;32;TRUE
MOZ;Mozambique;365;UNIDO;33;TRUE
MOZ;Mozambique;365;UNODC;34;TRUE
MOZ;Mozambique;365;UNOPS;35;TRUE
MOZ;Mozambique;365;UNV;37;TRUE
MOZ;Mozambique;365;WFP;39;TRUE
MOZ;Mozambique;365;WHO;40;TRUE
MOZ;Mozambique;365;WMO;42;TRUE
MOZ;Mozambique;365;IFAD;5;TRUE
MOZ;Mozambique;365;UN RCO;50;TRUE
MOZ;Mozambique;365;ILO;6;TRUE
MOZ;Mozambique;365;IOM;8;TRUE
MOZ;Mozambique;365;ITC;9;TRUE
MRT;Mauritania;360;OHCHR;11;TRUE
MRT;Mauritania;360;World Bank;1277;TRUE
MRT;Mauritania;360;FAO;2;TRUE
MRT;Mauritania;360;UNAIDS;22;TRUE
MRT;Mauritania;360;UNDSS;2275;TRUE
MRT;Mauritania;360;UNOWAS;23119;TRUE
MRT;Mauritania;360;UNS;2485;TRUE
MRT;Mauritania;360;UNDP;25;TRUE
MRT;Mauritania;360;UNESCO;29;TRUE
MRT;Mauritania;360;UNFPA;30;TRUE
MRT;Mauritania;360;UNHCR;31;TRUE
MRT;Mauritania;360;UNICEF;32;TRUE
MRT;Mauritania;360;UNODC;34;TRUE
MRT;Mauritania;360;WFP;39;TRUE
MRT;Mauritania;360;WHO;40;TRUE
MRT;Mauritania;360;IMF;47;TRUE
MRT;Mauritania;360;UN RCO;50;TRUE
MRT;Mauritania;360;UNDPO;53;TRUE
MRT;Mauritania;360;ILO;6;TRUE
MRT;Mauritania;360;IOM;8;TRUE
MUS;Mauritius;361;OHCHR;11;TRUE
MUS;Mauritius;361;UN ECA;14;TRUE
MUS;Mauritius;361;FAO;2;TRUE
MUS;Mauritius;361;UN Women;21;TRUE
MUS;Mauritius;361;UNAIDS;22;TRUE
MUS;Mauritius;361;UNS;2485;TRUE
MUS;Mauritius;361;UNDP;25;TRUE
MUS;Mauritius;361;UNEP;28;TRUE
MUS;Mauritius;361;UNESCO;29;TRUE
MUS;Mauritius;361;IAEA;3;TRUE
MUS;Mauritius;361;UNFPA;30;TRUE
MUS;Mauritius;361;UNHCR;31;TRUE
MUS;Mauritius;361;UNIDO;33;TRUE
MUS;Mauritius;361;UNODC;34;TRUE
MUS;Mauritius;361;WHO;40;TRUE
MUS;Mauritius;361;IFAD;5;TRUE
MUS;Mauritius;361;UN RCO;50;TRUE
MUS;Mauritius;361;ILO;6;TRUE
MUS;Mauritius;361;UNWTO;73;TRUE
MUS;Mauritius;361;IOM;8;TRUE
MWI;Malawi;419;FAO;2;TRUE
MWI;Malawi;419;UN Women;21;TRUE
MWI;Malawi;419;UNAIDS;22;TRUE
MWI;Malawi;419;UNDSS;2275;TRUE
MWI;Malawi;419;UNS;2485;TRUE
MWI;Malawi;419;UNDP;25;TRUE
MWI;Malawi;419;UNFPA;30;TRUE
MWI;Malawi;419;UNHCR;31;TRUE
MWI;Malawi;419;UNICEF;32;TRUE
MWI;Malawi;419;WFP;39;TRUE
MWI;Malawi;419;WHO;40;TRUE
MWI;Malawi;419;IFAD;5;TRUE
MWI;Malawi;419;UN RCO;50;TRUE
MWI;Malawi;419;ILO;6;TRUE
MWI;Malawi;419;IOM;8;TRUE
MYS;Malaysia;357;UNCTAD;24;TRUE
MYS;Malaysia;357;UNS;2485;TRUE
MYS;Malaysia;357;UNDP;25;TRUE
MYS;Malaysia;357;UNFPA;30;TRUE
MYS;Malaysia;357;UNHCR;31;TRUE
MYS;Malaysia;357;UNICEF;32;TRUE
MYS;Malaysia;357;UNODC;34;TRUE
MYS;Malaysia;357;WFP;39;TRUE
MYS;Malaysia;357;WHO;40;TRUE
MYS;Malaysia;357;UN RCO;50;TRUE
MYS;Malaysia;357;ILO;6;TRUE
MYS;Malaysia;357;UNU;69;TRUE
MYS;Malaysia;357;IOM;8;TRUE
NAM;Namibia;409;;;TRUE
NAM;Namibia;409;FAO;2;TRUE
NAM;Namibia;409;UNAIDS;22;TRUE
NAM;Namibia;409;UNDSS;2275;TRUE
NAM;Namibia;409;UNS;2485;TRUE
NAM;Namibia;409;UNDP;25;TRUE
NAM;Namibia;409;UNESCO;29;TRUE
NAM;Namibia;409;UNFPA;30;TRUE
NAM;Namibia;409;UNHCR;31;TRUE
NAM;Namibia;409;UNICEF;32;TRUE
NAM;Namibia;409;UNODC;34;TRUE
NAM;Namibia;409;WFP;39;TRUE
NAM;Namibia;409;WHO;40;TRUE
NAM;Namibia;409;UN RCO;50;TRUE
NAM;Namibia;409;IOM;8;TRUE
NER;Niger;368;OHCHR;11;TRUE
NER;Niger;368;World Bank;1277;TRUE
NER;Niger;368;UN ECA;14;TRUE
NER;Niger;368;UN-HABITAT;18;TRUE
NER;Niger;368;OCHA;19;TRUE
NER;Niger;368;FAO;2;TRUE
NER;Niger;368;UN Women;21;TRUE
NER;Niger;368;UNAIDS;22;TRUE
NER;Niger;368;UNDSS;2275;TRUE
NER;Niger;368;UNCDF;23;TRUE
NER;Niger;368;UNS;2485;TRUE
NER;Niger;368;UNDP;25;TRUE
NER;Niger;368;UNEP;28;TRUE
NER;Niger;368;UNESCO;29;TRUE
NER;Niger;368;UNFPA;30;TRUE
NER;Niger;368;UNHCR;31;TRUE
NER;Niger;368;UNICEF;32;TRUE
NER;Niger;368;UNODC;34;TRUE
NER;Niger;368;UNOPS;35;TRUE
NER;Niger;368;UNV;37;TRUE
NER;Niger;368;WFP;39;TRUE
NER;Niger;368;WHO;40;TRUE
NER;Niger;368;IMF;47;TRUE
NER;Niger;368;IFAD;5;TRUE
NER;Niger;368;UN RCO;50;TRUE
NER;Niger;368;ILO;6;TRUE
NER;Niger;368;IOM;8;TRUE
NGA;Nigeria;369;UN-HABITAT;18;TRUE
NGA;Nigeria;369;OCHA;19;TRUE
NGA;Nigeria;369;FAO;2;TRUE
NGA;Nigeria;369;UN Women;21;TRUE
NGA;Nigeria;369;UNAIDS;22;TRUE
NGA;Nigeria;369;UNDSS;2275;TRUE
NGA;Nigeria;369;UNS;2485;TRUE
NGA;Nigeria;369;UNDP;25;TRUE
NGA;Nigeria;369;UNESCO;29;TRUE
NGA;Nigeria;369;UNFPA;30;TRUE
NGA;Nigeria;369;UNHCR;31;TRUE
NGA;Nigeria;369;UNICEF;32;TRUE
NGA;Nigeria;369;UNIDO;33;TRUE
NGA;Nigeria;369;UNODC;34;TRUE
NGA;Nigeria;369;UNOPS;35;TRUE
NGA;Nigeria;369;WFP;39;TRUE
NGA;Nigeria;369;WHO;40;TRUE
NGA;Nigeria;369;WMO;42;TRUE
NGA;Nigeria;369;IFAD;5;TRUE
NGA;Nigeria;369;UN RCO;50;TRUE
NGA;Nigeria;369;ILO;6;TRUE
NGA;Nigeria;369;IOM;8;TRUE
NIC;Nicaragua;425;World Bank;1277;TRUE
NIC;Nicaragua;425;FAO;2;TRUE
NIC;Nicaragua;425;UNDCO;2274;TRUE
NIC;Nicaragua;425;UNDSS;2275;TRUE
NIC;Nicaragua;425;UNS;2485;TRUE
NIC;Nicaragua;425;UNDP;25;TRUE
NIC;Nicaragua;425;UNESCO;29;TRUE
NIC;Nicaragua;425;IAEA;3;TRUE
NIC;Nicaragua;425;UNFPA;30;TRUE
NIC;Nicaragua;425;UNICEF;32;TRUE
NIC;Nicaragua;425;UNIDO;33;TRUE
NIC;Nicaragua;425;UNOPS;35;TRUE
NIC;Nicaragua;425;WFP;39;TRUE
NIC;Nicaragua;425;IFAD;5;TRUE
NIC;Nicaragua;425;ILO;6;TRUE
NIC;Nicaragua;425;IOM;8;TRUE
NIC;Nicaragua;425;PAHO;962;TRUE
NPL;Nepal;367;UN-HABITAT;18;TRUE
NPL;Nepal;367;FAO;2;TRUE
NPL;Nepal;367;UN Women;21;TRUE
NPL;Nepal;367;UNAIDS;22;TRUE
NPL;Nepal;367;UNDSS;2275;TRUE
NPL;Nepal;367;UNCTAD;24;TRUE
NPL;Nepal;367;UNS;2485;TRUE
NPL;Nepal;367;UNDP;25;TRUE
NPL;Nepal;367;UNESCO;29;TRUE
NPL;Nepal;367;UNFPA;30;TRUE
NPL;Nepal;367;UNHCR;31;TRUE
NPL;Nepal;367;UNICEF;32;TRUE
NPL;Nepal;367;UNODC;34;TRUE
NPL;Nepal;367;UNOPS;35;TRUE
NPL;Nepal;367;UNV;37;TRUE
NPL;Nepal;367;WFP;39;TRUE
NPL;Nepal;367;WHO;40;TRUE
NPL;Nepal;367;UN RCO;50;TRUE
NPL;Nepal;367;ILO;6;TRUE
NPL;Nepal;367;IOM;8;TRUE
PAK;Pakistan;371;UN-HABITAT;18;TRUE
PAK;Pakistan;371;OCHA;19;TRUE
PAK;Pakistan;371;FAO;2;TRUE
PAK;Pakistan;371;UN Women;21;TRUE
PAK;Pakistan;371;UNAIDS;22;TRUE
PAK;Pakistan;371;UNDSS;2275;TRUE
PAK;Pakistan;371;DGC;2459;TRUE
PAK;Pakistan;371;UNS;2485;TRUE
PAK;Pakistan;371;UNDP;25;TRUE
PAK;Pakistan;371;UNMOGIP;2516;TRUE
PAK;Pakistan;371;UNESCO;29;TRUE
PAK;Pakistan;371;UNFPA;30;TRUE
PAK;Pakistan;371;UNHCR;31;TRUE
PAK;Pakistan;371;UNICEF;32;TRUE
PAK;Pakistan;371;UNIDO;33;TRUE
PAK;Pakistan;371;UNODC;34;TRUE
PAK;Pakistan;371;UNOPS;35;TRUE
PAK;Pakistan;371;UNV;37;TRUE
PAK;Pakistan;371;WFP;39;TRUE
PAK;Pakistan;371;WHO;40;TRUE
PAK;Pakistan;371;IFAD;5;TRUE
PAK;Pakistan;371;UN RCO;50;TRUE
PAK;Pakistan;371;UNDPO;53;TRUE
PAK;Pakistan;371;ILO;6;TRUE
PAK;Pakistan;371;IOM;8;TRUE
PAK;Pakistan;371;ITC;9;TRUE
PAN;Panama;372;;;TRUE
PAN;Panama;372;OHCHR;11;TRUE
PAN;Panama;372;World Bank;1277;TRUE
PAN;Panama;372;UN ECLAC;15;TRUE
PAN;Panama;372;OCHA;19;TRUE
PAN;Panama;372;FAO;2;TRUE
PAN;Panama;372;UN Women;21;TRUE
PAN;Panama;372;UNAIDS;22;TRUE
PAN;Panama;372;UNDCO;2274;TRUE
PAN;Panama;372;UNDSS;2275;TRUE
PAN;Panama;372;UNS;2485;TRUE
PAN;Panama;372;UNDP;25;TRUE
PAN;Panama;372;UNEP;28;TRUE
PAN;Panama;372;UNESCO;29;TRUE
PAN;Panama;372;UNFPA;30;TRUE
PAN;Panama;372;UNHCR;31;TRUE
PAN;Panama;372;UNICEF;32;TRUE
PAN;Panama;372;UNIDO;33;TRUE
PAN;Panama;372;UNODC;34;TRUE
PAN;Panama;372;UNOPS;35;TRUE
PAN;Panama;372;UNV;37;TRUE
PAN;Panama;372;WFP;39;TRUE
PAN;Panama;372;IFAD;5;TRUE
PAN;Panama;372;UN RCO;50;TRUE
PAN;Panama;372;ILO;6;TRUE
PAN;Panama;372;IOM;8;TRUE
PAN;Panama;372;PAHO;962;TRUE
PER;Peru;375;OHCHR;11;TRUE
PER;Peru;375;FAO;2;TRUE
PER;Peru;375;UNAIDS;22;TRUE
PER;Peru;375;UNDSS;2275;TRUE
PER;Peru;375;DGC;2459;TRUE
PER;Peru;375;UNS;2485;TRUE
PER;Peru;375;UNDP;25;TRUE
PER;Peru;375;UNODA;2520;TRUE
PER;Peru;375;UNESCO;29;TRUE
PER;Peru;375;UNFPA;30;TRUE
PER;Peru;375;UNHCR;31;TRUE
PER;Peru;375;UNICEF;32;TRUE
PER;Peru;375;UNODC;34;TRUE
PER;Peru;375;UNOPS;35;TRUE
PER;Peru;375;WFP;39;TRUE
PER;Peru;375;ICAO;4;TRUE
PER;Peru;375;IFAD;5;TRUE
PER;Peru;375;UN RCO;50;TRUE
PER;Peru;375;ILO;6;TRUE
PER;Peru;375;IOM;8;TRUE
PER;Peru;375;PAHO;962;TRUE
PHL;Philippines;411;UN-HABITAT;18;TRUE
PHL;Philippines;411;OCHA;19;TRUE
PHL;Philippines;411;FAO;2;TRUE
PHL;Philippines;411;UN Women;21;TRUE
PHL;Philippines;411;UNAIDS;22;TRUE
PHL;Philippines;411;UNDSS;2275;TRUE
PHL;Philippines;411;DGC;2459;TRUE
PHL;Philippines;411;UNS;2485;TRUE
PHL;Philippines;411;UNDP;25;TRUE
PHL;Philippines;411;UNFPA;30;TRUE
PHL;Philippines;411;UNHCR;31;TRUE
PHL;Philippines;411;UNICEF;32;TRUE
PHL;Philippines;411;UNIDO;33;TRUE
PHL;Philippines;411;UNODC;34;TRUE
PHL;Philippines;411;UNOPS;35;TRUE
PHL;Philippines;411;WFP;39;TRUE
PHL;Philippines;411;WHO;40;TRUE
PHL;Philippines;411;IFAD;5;TRUE
PHL;Philippines;411;UN RCO;50;TRUE
PHL;Philippines;411;ILO;6;TRUE
PHL;Philippines;411;IOM;8;TRUE
PNG;Papua New Guinea;373;OHCHR;11;TRUE
PNG;Papua New Guinea;373;FAO;2;TRUE
PNG;Papua New Guinea;373;UN Women;21;TRUE
PNG;Papua New Guinea;373;UNAIDS;22;TRUE
PNG;Papua New Guinea;373;UNCDF;23;TRUE
PNG;Papua New Guinea;373;UNS;2485;TRUE
PNG;Papua New Guinea;373;UNDP;25;TRUE
PNG;Papua New Guinea;373;UNFPA;30;TRUE
PNG;Papua New Guinea;373;UNHCR;31;TRUE
PNG;Papua New Guinea;373;UNICEF;32;TRUE
PNG;Papua New Guinea;373;UNOPS;35;TRUE
PNG;Papua New Guinea;373;WHO;40;TRUE
PNG;Papua New Guinea;373;UN RCO;50;TRUE
PNG;Papua New Guinea;373;ILO;6;TRUE
PNG;Papua New Guinea;373;IOM;8;TRUE
PRK;Korea, Democratic People's Republic of;253;FAO;2;TRUE
PRK;Korea, Democratic People's Republic of;253;UNS;2485;TRUE
PRK;Korea, Democratic People's Republic of;253;UNDP;25;TRUE
PRK;Korea, Democratic People's Republic of;253;UNFPA;30;TRUE
PRK;Korea, Democratic People's Republic of;253;UNICEF;32;TRUE
PRK;Korea, Democratic People's Republic of;253;WFP;39;TRUE
PRK;Korea, Democratic People's Republic of;253;WHO;40;TRUE
PRK;Korea, Democratic People's Republic of;253;UN RCO;50;TRUE
PRY;Paraguay;374;OHCHR;11;TRUE
PRY;Paraguay;374;FAO;2;TRUE
PRY;Paraguay;374;UN Women;21;TRUE
PRY;Paraguay;374;UNDSS;2275;TRUE
PRY;Paraguay;374;UNS;2485;TRUE
PRY;Paraguay;374;UNDP;25;TRUE
PRY;Paraguay;374;UNFPA;30;TRUE
PRY;Paraguay;374;UNICEF;32;TRUE
PRY;Paraguay;374;UNIDO;33;TRUE
PRY;Paraguay;374;UNOPS;35;TRUE
PRY;Paraguay;374;WMO;42;TRUE
PRY;Paraguay;374;UN RCO;50;TRUE
PRY;Paraguay;374;ILO;6;TRUE
PRY;Paraguay;374;IMO;7;TRUE
PRY;Paraguay;374;IOM;8;TRUE
PRY;Paraguay;374;PAHO;962;TRUE
PSE;Palestine;410;OHCHR;11;TRUE
PSE;Palestine;410;UN-HABITAT;18;TRUE
PSE;Palestine;410;OCHA;19;TRUE
PSE;Palestine;410;FAO;2;TRUE
PSE;Palestine;410;UN Women;21;TRUE
PSE;Palestine;410;UNDSS;2275;TRUE
PSE;Palestine;410;UNS;2485;TRUE
PSE;Palestine;410;UNDP;25;TRUE
PSE;Palestine;410;UNTSO;2544;TRUE
PSE;Palestine;410;UNESCO;29;TRUE
PSE;Palestine;410;UNFPA;30;TRUE
PSE;Palestine;410;UNICEF;32;TRUE
PSE;Palestine;410;UNIDO;33;TRUE
PSE;Palestine;410;UNODC;34;TRUE
PSE;Palestine;410;UNOPS;35;TRUE
PSE;Palestine;410;UNRWA;36;TRUE
PSE;Palestine;410;WFP;39;TRUE
PSE;Palestine;410;WHO;40;TRUE
PSE;Palestine;410;UN RCO;50;TRUE
PSE;Palestine;410;ILO;6;TRUE
RWA;Rwanda;152;UN ECA;14;TRUE
RWA;Rwanda;152;FAO;2;TRUE
RWA;Rwanda;152;UN Women;21;TRUE
RWA;Rwanda;152;UNAIDS;22;TRUE
RWA;Rwanda;152;UNS;2485;TRUE
RWA;Rwanda;152;UNDP;25;TRUE
RWA;Rwanda;152;UNFPA;30;TRUE
RWA;Rwanda;152;UNHCR;31;TRUE
RWA;Rwanda;152;UNICEF;32;TRUE
RWA;Rwanda;152;WFP;39;TRUE
RWA;Rwanda;152;WHO;40;TRUE
RWA;Rwanda;152;IOM;8;TRUE
SAU;Saudi Arabia;379;OHCHR;11;TRUE
SAU;Saudi Arabia;379;World Bank;1277;TRUE
SAU;Saudi Arabia;379;UN-HABITAT;18;TRUE
SAU;Saudi Arabia;379;OCHA;19;TRUE
SAU;Saudi Arabia;379;FAO;2;TRUE
SAU;Saudi Arabia;379;UNDSS;2275;TRUE
SAU;Saudi Arabia;379;UNS;2485;TRUE
SAU;Saudi Arabia;379;UNDP;25;TRUE
SAU;Saudi Arabia;379;UNEP;28;TRUE
SAU;Saudi Arabia;379;UNHCR;31;TRUE
SAU;Saudi Arabia;379;UNICEF;32;TRUE
SAU;Saudi Arabia;379;WFP;39;TRUE
SAU;Saudi Arabia;379;WHO;40;TRUE
SAU;Saudi Arabia;379;UN RCO;50;TRUE
SAU;Saudi Arabia;379;IMO;7;TRUE
SAU;Saudi Arabia;379;IOM;8;TRUE
SDN;Sudan;385;OHCHR;11;TRUE
SDN;Sudan;385;World Bank;1277;TRUE
SDN;Sudan;385;UN-HABITAT;18;TRUE
SDN;Sudan;385;UNISFA;18793;TRUE
SDN;Sudan;385;OCHA;19;TRUE
SDN;Sudan;385;FAO;2;TRUE
SDN;Sudan;385;UN Women;21;TRUE
SDN;Sudan;385;UNAIDS;22;TRUE
SDN;Sudan;385;UNDSS;2275;TRUE
SDN;Sudan;385;UNITAMS;23120;TRUE
SDN;Sudan;385;UNS;2485;TRUE
SDN;Sudan;385;UNDP;25;TRUE
SDN;Sudan;385;UNEP;28;TRUE
SDN;Sudan;385;UNESCO;29;TRUE
SDN;Sudan;385;UNFPA;30;TRUE
SDN;Sudan;385;UNHCR;31;TRUE
SDN;Sudan;385;UNICEF;32;TRUE
SDN;Sudan;385;UNIDO;33;TRUE
SDN;Sudan;385;UNODC;34;TRUE
SDN;Sudan;385;UNOPS;35;TRUE
SDN;Sudan;385;UNV;37;TRUE
SDN;Sudan;385;WFP;39;TRUE
SDN;Sudan;385;WHO;40;TRUE
SDN;Sudan;385;IFAD;5;TRUE
SDN;Sudan;385;UN RCO;50;TRUE
SDN;Sudan;385;ILO;6;TRUE
SDN;Sudan;385;IOM;8;TRUE
SEN;Senegal;380;;;TRUE
SEN;Senegal;380;ITU;10;TRUE
SEN;Senegal;380;OHCHR;11;TRUE
SEN;Senegal;380;UN ECA;14;TRUE
SEN;Senegal;380;OCHA;19;TRUE
SEN;Senegal;380;FAO;2;TRUE
SEN;Senegal;380;UN Women;21;TRUE
SEN;Senegal;380;UNAIDS;22;TRUE
SEN;Senegal;380;UNOWAS;23119;TRUE
SEN;Senegal;380;UNS;2485;TRUE
SEN;Senegal;380;UNDP;25;TRUE
SEN;Senegal;380;UNESCO;29;TRUE
SEN;Senegal;380;UNFPA;30;TRUE
SEN;Senegal;380;UNHCR;31;TRUE
SEN;Senegal;380;UNICEF;32;TRUE
SEN;Senegal;380;UNIDO;33;TRUE
SEN;Senegal;380;UNODC;34;TRUE
SEN;Senegal;380;UNOPS;35;TRUE
SEN;Senegal;380;UNV;37;TRUE
SEN;Senegal;380;WFP;39;TRUE
SEN;Senegal;380;ICAO;4;TRUE
SEN;Senegal;380;WHO;40;TRUE
SEN;Senegal;380;IFAD;5;TRUE
SEN;Senegal;380;UN RCO;50;TRUE
SEN;Senegal;380;UNDPO;53;TRUE
SEN;Senegal;380;ILO;6;TRUE
SEN;Senegal;380;IOM;8;TRUE
SLE;Sierra Leone;382;FAO;2;TRUE
SLE;Sierra Leone;382;UN Women;21;TRUE
SLE;Sierra Leone;382;UNAIDS;22;TRUE
SLE;Sierra Leone;382;UNCDF;23;TRUE
SLE;Sierra Leone;382;UNS;2485;TRUE
SLE;Sierra Leone;382;UNDP;25;TRUE
SLE;Sierra Leone;382;UNFPA;30;TRUE
SLE;Sierra Leone;382;UNICEF;32;TRUE
SLE;Sierra Leone;382;UNIDO;33;TRUE
SLE;Sierra Leone;382;UNOPS;35;TRUE
SLE;Sierra Leone;382;WFP;39;TRUE
SLE;Sierra Leone;382;WHO;40;TRUE
SLE;Sierra Leone;382;IFAD;5;TRUE
SLE;Sierra Leone;382;UN RCO;50;TRUE
SLE;Sierra Leone;382;ILO;6;TRUE
SLE;Sierra Leone;382;IOM;8;TRUE
SLV;El Salvador;334;OHCHR;11;TRUE
SLV;El Salvador;334;World Bank;1277;TRUE
SLV;El Salvador;334;OCHA;19;TRUE
SLV;El Salvador;334;FAO;2;TRUE
SLV;El Salvador;334;UN Women;21;TRUE
SLV;El Salvador;334;UNAIDS;22;TRUE
SLV;El Salvador;334;UNS;2485;TRUE
SLV;El Salvador;334;UNDP;25;TRUE
SLV;El Salvador;334;UNESCO;29;TRUE
SLV;El Salvador;334;UNFPA;30;TRUE
SLV;El Salvador;334;UNHCR;31;TRUE
SLV;El Salvador;334;UNICEF;32;TRUE
SLV;El Salvador;334;UNIDO;33;TRUE
SLV;El Salvador;334;UNODC;34;TRUE
SLV;El Salvador;334;UNOPS;35;TRUE
SLV;El Salvador;334;WFP;39;TRUE
SLV;El Salvador;334;IFAD;5;TRUE
SLV;El Salvador;334;UN RCO;50;TRUE
SLV;El Salvador;334;ILO;6;TRUE
SLV;El Salvador;334;IOM;8;TRUE
SLV;El Salvador;334;PAHO;962;TRUE
SOM;Somalia;383;OHCHR;11;TRUE
SOM;Somalia;383;UN-HABITAT;18;TRUE
SOM;Somalia;383;OCHA;19;TRUE
SOM;Somalia;383;FAO;2;TRUE
SOM;Somalia;383;UN Women;21;TRUE
SOM;Somalia;383;UNDSS;2275;TRUE
SOM;Somalia;383;UNCDF;23;TRUE
SOM;Somalia;383;UNS;2485;TRUE
SOM;Somalia;383;UNDP;25;TRUE
SOM;Somalia;383;UNSOM;2541;TRUE
SOM;Somalia;383;UNSOS;28383;TRUE
SOM;Somalia;383;UNESCO;29;TRUE
SOM;Somalia;383;UNFPA;30;TRUE
SOM;Somalia;383;UNHCR;31;TRUE
SOM;Somalia;383;UNICEF;32;TRUE
SOM;Somalia;383;UNIDO;33;TRUE
SOM;Somalia;383;UNODC;34;TRUE
SOM;Somalia;383;UNOPS;35;TRUE
SOM;Somalia;383;WFP;39;TRUE
SOM;Somalia;383;WHO;40;TRUE
SOM;Somalia;383;WIPO;41;TRUE
SOM;Somalia;383;UN RCO;50;TRUE
SOM;Somalia;383;UNDPO;53;TRUE
SOM;Somalia;383;ILO;6;TRUE
SOM;Somalia;383;IOM;8;TRUE
SRB;Serbia;381;OHCHR;11;TRUE
SRB;Serbia;381;FAO;2;TRUE
SRB;Serbia;381;UN Women;21;TRUE
SRB;Serbia;381;UNS;2485;TRUE
SRB;Serbia;381;UNDP;25;TRUE
SRB;Serbia;381;UNFPA;30;TRUE
SRB;Serbia;381;UNHCR;31;TRUE
SRB;Serbia;381;UNICEF;32;TRUE
SRB;Serbia;381;UNODC;34;TRUE
SRB;Serbia;381;UNOPS;35;TRUE
SRB;Serbia;381;WHO;40;TRUE
SRB;Serbia;381;UN RCO;50;TRUE
SRB;Serbia;381;IOM;8;TRUE
SSD;South Sudan;421;OHCHR;11;TRUE
SSD;South Sudan;421;UN-HABITAT;18;TRUE
SSD;South Sudan;421;OCHA;19;TRUE
SSD;South Sudan;421;FAO;2;TRUE
SSD;South Sudan;421;UN Women;21;TRUE
SSD;South Sudan;421;UNAIDS;22;TRUE
SSD;South Sudan;421;UNDSS;2275;TRUE
SSD;South Sudan;421;UNS;2485;TRUE
SSD;South Sudan;421;UNDP;25;TRUE
SSD;South Sudan;421;UNEP;28;TRUE
SSD;South Sudan;421;UNESCO;29;TRUE
SSD;South Sudan;421;UNFPA;30;TRUE
SSD;South Sudan;421;UNHCR;31;TRUE
SSD;South Sudan;421;UNICEF;32;TRUE
SSD;South Sudan;421;UNIDO;33;TRUE
SSD;South Sudan;421;UNODC;34;TRUE
SSD;South Sudan;421;UNOPS;35;TRUE
SSD;South Sudan;421;WFP;39;TRUE
SSD;South Sudan;421;WHO;40;TRUE
SSD;South Sudan;421;IFAD;5;TRUE
SSD;South Sudan;421;UN RCO;50;TRUE
SSD;South Sudan;421;ILO;6;TRUE
SSD;South Sudan;421;UNMISS;61;TRUE
SSD;South Sudan;421;IOM;8;TRUE
STP;Sao Tome and Principe;378;UN-HABITAT;18;TRUE
STP;Sao Tome and Principe;378;FAO;2;TRUE
STP;Sao Tome and Principe;378;UNS;2485;TRUE
STP;Sao Tome and Principe;378;UNDP;25;TRUE
STP;Sao Tome and Principe;378;UNESCO;29;TRUE
STP;Sao Tome and Principe;378;UNFPA;30;TRUE
STP;Sao Tome and Principe;378;UNICEF;32;TRUE
STP;Sao Tome and Principe;378;WFP;39;TRUE
STP;Sao Tome and Principe;378;WHO;40;TRUE
STP;Sao Tome and Principe;378;UN RCO;50;TRUE
STP;Sao Tome and Principe;378;ILO;6;TRUE
SUR;Suriname;386;FAO;2;TRUE
SUR;Suriname;386;UN Women;21;TRUE
SUR;Suriname;386;UNAIDS;22;TRUE
SUR;Suriname;386;UNDSS;2275;TRUE
SUR;Suriname;386;UNS;2485;TRUE
SUR;Suriname;386;UNDP;25;TRUE
SUR;Suriname;386;UNEP;28;TRUE
SUR;Suriname;386;UNFPA;30;TRUE
SUR;Suriname;386;UNHCR;31;TRUE
SUR;Suriname;386;UNICEF;32;TRUE
SUR;Suriname;386;UN RCO;50;TRUE
SUR;Suriname;386;ILO;6;TRUE
SUR;Suriname;386;IOM;8;TRUE
SUR;Suriname;386;PAHO;962;TRUE
SWZ;Eswatini;337;FAO;2;TRUE
SWZ;Eswatini;337;UNAIDS;22;TRUE
SWZ;Eswatini;337;UNDSS;2275;TRUE
SWZ;Eswatini;337;UNS;2485;TRUE
SWZ;Eswatini;337;UNDP;25;TRUE
SWZ;Eswatini;337;UNESCO;29;TRUE
SWZ;Eswatini;337;UNFPA;30;TRUE
SWZ;Eswatini;337;UNICEF;32;TRUE
SWZ;Eswatini;337;WFP;39;TRUE
SWZ;Eswatini;337;WHO;40;TRUE
SWZ;Eswatini;337;UN RCO;50;TRUE
SWZ;Eswatini;337;IOM;8;TRUE
SYR;Syria;217;;;TRUE
SYR;Syria;217;UN-HABITAT;18;TRUE
SYR;Syria;217;OCHA;19;TRUE
SYR;Syria;217;FAO;2;TRUE
SYR;Syria;217;UNDSS;2275;TRUE
SYR;Syria;217;OSE-Syria;2483;TRUE
SYR;Syria;217;UNS;2485;TRUE
SYR;Syria;217;UNDP;25;TRUE
SYR;Syria;217;UNFPA;30;TRUE
SYR;Syria;217;UNHCR;31;TRUE
SYR;Syria;217;UNICEF;32;TRUE
SYR;Syria;217;UNOPS;35;TRUE
SYR;Syria;217;UNRWA;36;TRUE
SYR;Syria;217;WFP;39;TRUE
SYR;Syria;217;WHO;40;TRUE
SYR;Syria;217;UN RCO;50;TRUE
SYR;Syria;217;ILO;6;TRUE
TCD;Chad;323;OHCHR;11;TRUE
TCD;Chad;323;World Bank;1277;TRUE
TCD;Chad;323;OCHA;19;TRUE
TCD;Chad;323;FAO;2;TRUE
TCD;Chad;323;UNAIDS;22;TRUE
TCD;Chad;323;UNS;2485;TRUE
TCD;Chad;323;UNDP;25;TRUE
TCD;Chad;323;UNESCO;29;TRUE
TCD;Chad;323;UNFPA;30;TRUE
TCD;Chad;323;UNHCR;31;TRUE
TCD;Chad;323;UNICEF;32;TRUE
TCD;Chad;323;UNODC;34;TRUE
TCD;Chad;323;UNOPS;35;TRUE
TCD;Chad;323;WFP;39;TRUE
TCD;Chad;323;WHO;40;TRUE
TCD;Chad;323;IMF;47;TRUE
TCD;Chad;323;UN RCO;50;TRUE
TCD;Chad;323;ILO;6;TRUE
TCD;Chad;323;IOM;8;TRUE
TGO;Togo;422;;;TRUE
TGO;Togo;422;FAO;2;TRUE
TGO;Togo;422;UN Women;21;TRUE
TGO;Togo;422;UNAIDS;22;TRUE
TGO;Togo;422;UNS;2485;TRUE
TGO;Togo;422;UNDP;25;TRUE
TGO;Togo;422;UNEP;28;TRUE
TGO;Togo;422;UNESCO;29;TRUE
TGO;Togo;422;UNFPA;30;TRUE
TGO;Togo;422;UNHCR;31;TRUE
TGO;Togo;422;UNICEF;32;TRUE
TGO;Togo;422;UNIDO;33;TRUE
TGO;Togo;422;WFP;39;TRUE
TGO;Togo;422;WHO;40;TRUE
TGO;Togo;422;IFAD;5;TRUE
TGO;Togo;422;UN RCO;50;TRUE
TGO;Togo;422;ILO;6;TRUE
TGO;Togo;422;IOM;8;TRUE
THA;Thailand;387;;;TRUE
THA;Thailand;387;ITU;10;TRUE
THA;Thailand;387;OHCHR;11;TRUE
THA;Thailand;387;World Bank;1277;TRUE
THA;Thailand;387;UN ESCAP;16;TRUE
THA;Thailand;387;UN-HABITAT;18;TRUE
THA;Thailand;387;OCHA;19;TRUE
THA;Thailand;387;FAO;2;TRUE
THA;Thailand;387;UN Women;21;TRUE
THA;Thailand;387;UNAIDS;22;TRUE
THA;Thailand;387;UNDCO;2274;TRUE
THA;Thailand;387;UNDSS;2275;TRUE
THA;Thailand;387;UNS;2485;TRUE
THA;Thailand;387;UNDP;25;TRUE
THA;Thailand;387;UNODA;2520;TRUE
THA;Thailand;387;UNOG;2521;TRUE
THA;Thailand;387;UNEP;28;TRUE
THA;Thailand;387;UNESCO;29;TRUE
THA;Thailand;387;UNFPA;30;TRUE
THA;Thailand;387;UNHCR;31;TRUE
THA;Thailand;387;UNICEF;32;TRUE
THA;Thailand;387;UNIDO;33;TRUE
THA;Thailand;387;UNODC;34;TRUE
THA;Thailand;387;UNOPS;35;TRUE
THA;Thailand;387;UNOCT;3642;TRUE
THA;Thailand;387;UNV;37;TRUE
THA;Thailand;387;UPU;38;TRUE
THA;Thailand;387;WFP;39;TRUE
THA;Thailand;387;ICAO;4;TRUE
THA;Thailand;387;WHO;40;TRUE
THA;Thailand;387;IMF;47;TRUE
THA;Thailand;387;UN RCO;50;TRUE
THA;Thailand;387;ILO;6;TRUE
THA;Thailand;387;IOM;8;TRUE
THA;Thailand;387;ITC;9;TRUE
TJK;Tajikistan;413;OHCHR;11;TRUE
TJK;Tajikistan;413;World Bank;1277;TRUE
TJK;Tajikistan;413;OCHA;19;TRUE
TJK;Tajikistan;413;FAO;2;TRUE
TJK;Tajikistan;413;UN Women;21;TRUE
TJK;Tajikistan;413;UNAIDS;22;TRUE
TJK;Tajikistan;413;UNS;2485;TRUE
TJK;Tajikistan;413;UNDP;25;TRUE
TJK;Tajikistan;413;UNFPA;30;TRUE
TJK;Tajikistan;413;UNHCR;31;TRUE
TJK;Tajikistan;413;UNICEF;32;TRUE
TJK;Tajikistan;413;UNIDO;33;TRUE
TJK;Tajikistan;413;UNODC;34;TRUE
TJK;Tajikistan;413;UNOPS;35;TRUE
TJK;Tajikistan;413;WFP;39;TRUE
TJK;Tajikistan;413;WHO;40;TRUE
TJK;Tajikistan;413;UN RCO;50;TRUE
TJK;Tajikistan;413;ILO;6;TRUE
TJK;Tajikistan;413;IOM;8;TRUE
TJK;Tajikistan;413;ITC;9;TRUE
TKM;Turkmenistan;391;OHCHR;11;TRUE
TKM;Turkmenistan;391;UNS;2485;TRUE
TKM;Turkmenistan;391;UNDP;25;TRUE
TKM;Turkmenistan;391;UNFPA;30;TRUE
TKM;Turkmenistan;391;UNICEF;32;TRUE
TKM;Turkmenistan;391;UNODC;34;TRUE
TKM;Turkmenistan;391;WHO;40;TRUE
TKM;Turkmenistan;391;IOM;8;TRUE
TLS;Timor-Leste;388;World Bank;1277;TRUE
TLS;Timor-Leste;388;UN ESCAP;16;TRUE
TLS;Timor-Leste;388;OCHA;19;TRUE
TLS;Timor-Leste;388;FAO;2;TRUE
TLS;Timor-Leste;388;UN Women;21;TRUE
TLS;Timor-Leste;388;UNCDF;23;TRUE
TLS;Timor-Leste;388;UNS;2485;TRUE
TLS;Timor-Leste;388;UNDP;25;TRUE
TLS;Timor-Leste;388;UNEP;28;TRUE
TLS;Timor-Leste;388;UNESCO;29;TRUE
TLS;Timor-Leste;388;UNFPA;30;TRUE
TLS;Timor-Leste;388;UNICEF;32;TRUE
TLS;Timor-Leste;388;UNIDO;33;TRUE
TLS;Timor-Leste;388;UNODC;34;TRUE
TLS;Timor-Leste;388;UNOPS;35;TRUE
TLS;Timor-Leste;388;UNV;37;TRUE
TLS;Timor-Leste;388;WFP;39;TRUE
TLS;Timor-Leste;388;WHO;40;TRUE
TLS;Timor-Leste;388;UN RCO;50;TRUE
TLS;Timor-Leste;388;ILO;6;TRUE
TLS;Timor-Leste;388;IOM;8;TRUE
TTO;Trinidad and Tobago;414;;;TRUE
TTO;Trinidad and Tobago;414;UN ECLAC;15;TRUE
TTO;Trinidad and Tobago;414;FAO;2;TRUE
TTO;Trinidad and Tobago;414;UN Women;21;TRUE
TTO;Trinidad and Tobago;414;DGC;2459;TRUE
TTO;Trinidad and Tobago;414;UNS;2485;TRUE
TTO;Trinidad and Tobago;414;UNDP;25;TRUE
TTO;Trinidad and Tobago;414;UNFPA;30;TRUE
TTO;Trinidad and Tobago;414;UNHCR;31;TRUE
TTO;Trinidad and Tobago;414;UNICEF;32;TRUE
TTO;Trinidad and Tobago;414;UN RCO;50;TRUE
TTO;Trinidad and Tobago;414;ILO;6;TRUE
TTO;Trinidad and Tobago;414;IOM;8;TRUE
TTO;Trinidad and Tobago;414;PAHO;962;TRUE
TUN;Tunisia;389;OHCHR;11;TRUE
TUN;Tunisia;389;World Bank;1277;TRUE
TUN;Tunisia;389;UN-HABITAT;18;TRUE
TUN;Tunisia;389;FAO;2;TRUE
TUN;Tunisia;389;UN Women;21;TRUE
TUN;Tunisia;389;UNAIDS;22;TRUE
TUN;Tunisia;389;UNDSS;2275;TRUE
TUN;Tunisia;389;UNS;2485;TRUE
TUN;Tunisia;389;UNDP;25;TRUE
TUN;Tunisia;389;UNESCO;29;TRUE
TUN;Tunisia;389;UNFPA;30;TRUE
TUN;Tunisia;389;UNHCR;31;TRUE
TUN;Tunisia;389;UNICEF;32;TRUE
TUN;Tunisia;389;UNIDO;33;TRUE
TUN;Tunisia;389;UNODC;34;TRUE
TUN;Tunisia;389;UNOPS;35;TRUE
TUN;Tunisia;389;UNV;37;TRUE
TUN;Tunisia;389;WFP;39;TRUE
TUN;Tunisia;389;WHO;40;TRUE
TUN;Tunisia;389;IMF;47;TRUE
TUN;Tunisia;389;UN RCO;50;TRUE
TUN;Tunisia;389;ILO;6;TRUE
TUN;Tunisia;389;IOM;8;TRUE
TUR;Türkiye;390;;;TRUE
TUR;Türkiye;390;UN ESCAP;16;TRUE
TUR;Türkiye;390;UN-HABITAT;18;TRUE
TUR;Türkiye;390;OCHA;19;TRUE
TUR;Türkiye;390;FAO;2;TRUE
TUR;Türkiye;390;UN Women;21;TRUE
TUR;Türkiye;390;UNDSS;2275;TRUE
TUR;Türkiye;390;UNS;2485;TRUE
TUR;Türkiye;390;UNDP;25;TRUE
TUR;Türkiye;390;UNEP;28;TRUE
TUR;Türkiye;390;UNESCO;29;TRUE
TUR;Türkiye;390;UNFPA;30;TRUE
TUR;Türkiye;390;UNHCR;31;TRUE
TUR;Türkiye;390;UNICEF;32;TRUE
TUR;Türkiye;390;UNIDO;33;TRUE
TUR;Türkiye;390;UNOPS;35;TRUE
TUR;Türkiye;390;UNV;37;TRUE
TUR;Türkiye;390;WFP;39;TRUE
TUR;Türkiye;390;WHO;40;TRUE
TUR;Türkiye;390;IFAD;5;TRUE
TUR;Türkiye;390;UN RCO;50;TRUE
TUR;Türkiye;390;ILO;6;TRUE
TUR;Türkiye;390;IOM;8;TRUE
TZA;Tanzania;394;;;TRUE
TZA;Tanzania;394;OHCHR;11;TRUE
TZA;Tanzania;394;World Bank;1277;TRUE
TZA;Tanzania;394;UN-HABITAT;18;TRUE
TZA;Tanzania;394;FAO;2;TRUE
TZA;Tanzania;394;UN Women;21;TRUE
TZA;Tanzania;394;UNAIDS;22;TRUE
TZA;Tanzania;394;UNCTAD;24;TRUE
TZA;Tanzania;394;UNS;2485;TRUE
TZA;Tanzania;394;UNDP;25;TRUE
TZA;Tanzania;394;UNEP;28;TRUE
TZA;Tanzania;394;UNESCO;29;TRUE
TZA;Tanzania;394;UNFPA;30;TRUE
TZA;Tanzania;394;UNHCR;31;TRUE
TZA;Tanzania;394;UNICEF;32;TRUE
TZA;Tanzania;394;UNIDO;33;TRUE
TZA;Tanzania;394;UNODC;34;TRUE
TZA;Tanzania;394;WFP;39;TRUE
TZA;Tanzania;394;WHO;40;TRUE
TZA;Tanzania;394;IMF;47;TRUE
TZA;Tanzania;394;IFAD;5;TRUE
TZA;Tanzania;394;UN RCO;50;TRUE
TZA;Tanzania;394;ILO;6;TRUE
TZA;Tanzania;394;IOM;8;TRUE
UGA;Uganda;392;;;TRUE
UGA;Uganda;392;OHCHR;11;TRUE
UGA;Uganda;392;World Bank;1277;TRUE
UGA;Uganda;392;UN-HABITAT;18;TRUE
UGA;Uganda;392;FAO;2;TRUE
UGA;Uganda;392;UN Women;21;TRUE
UGA;Uganda;392;UNAIDS;22;TRUE
UGA;Uganda;392;UNDSS;2275;TRUE
UGA;Uganda;392;UNCDF;23;TRUE
UGA;Uganda;392;MONUSCO;2476;TRUE
UGA;Uganda;392;UNS;2485;TRUE
UGA;Uganda;392;UNDP;25;TRUE
UGA;Uganda;392;UNEP;28;TRUE
UGA;Uganda;392;UNESCO;29;TRUE
UGA;Uganda;392;IAEA;3;TRUE
UGA;Uganda;392;UNFPA;30;TRUE
UGA;Uganda;392;UNHCR;31;TRUE
UGA;Uganda;392;UNICEF;32;TRUE
UGA;Uganda;392;UNIDO;33;TRUE
UGA;Uganda;392;UNODC;34;TRUE
UGA;Uganda;392;UNOPS;35;TRUE
UGA;Uganda;392;UNV;37;TRUE
UGA;Uganda;392;WFP;39;TRUE
UGA;Uganda;392;WHO;40;TRUE
UGA;Uganda;392;IMF;47;TRUE
UGA;Uganda;392;IFAD;5;TRUE
UGA;Uganda;392;UN RCO;50;TRUE
UGA;Uganda;392;ILO;6;TRUE
UGA;Uganda;392;IOM;8;TRUE
UGA;Uganda;392;ITC;9;TRUE
UKR;Ukraine;30;OHCHR;11;TRUE
UKR;Ukraine;30;OCHA;19;TRUE
UKR;Ukraine;30;UN Women;21;TRUE
UKR;Ukraine;30;UNAIDS;22;TRUE
UKR;Ukraine;30;UNS;2485;TRUE
UKR;Ukraine;30;UNDP;25;TRUE
UKR;Ukraine;30;UNFPA;30;TRUE
UKR;Ukraine;30;UNHCR;31;TRUE
UKR;Ukraine;30;UNICEF;32;TRUE
UKR;Ukraine;30;UNODC;34;TRUE
UKR;Ukraine;30;UNOPS;35;TRUE
UKR;Ukraine;30;UNV;37;TRUE
UKR;Ukraine;30;IOM;8;TRUE
URY;Uruguay;395;OHCHR;11;TRUE
URY;Uruguay;395;World Bank;1277;TRUE
URY;Uruguay;395;UN ECLAC;15;TRUE
URY;Uruguay;395;FAO;2;TRUE
URY;Uruguay;395;UN Women;21;TRUE
URY;Uruguay;395;UNAIDS;22;TRUE
URY;Uruguay;395;UNDSS;2275;TRUE
URY;Uruguay;395;UNS;2485;TRUE
URY;Uruguay;395;UNDP;25;TRUE
URY;Uruguay;395;UNEP;28;TRUE
URY;Uruguay;395;UNESCO;29;TRUE
URY;Uruguay;395;UNFPA;30;TRUE
URY;Uruguay;395;UNHCR;31;TRUE
URY;Uruguay;395;UNICEF;32;TRUE
URY;Uruguay;395;UNIDO;33;TRUE
URY;Uruguay;395;UNODC;34;TRUE
URY;Uruguay;395;UNOPS;35;TRUE
URY;Uruguay;395;UN RCO;50;TRUE
URY;Uruguay;395;ILO;6;TRUE
URY;Uruguay;395;IOM;8;TRUE
UZB;Uzbekistan;396;OHCHR;11;TRUE
UZB;Uzbekistan;396;FAO;2;TRUE
UZB;Uzbekistan;396;UNAIDS;22;TRUE
UZB;Uzbekistan;396;UNS;2485;TRUE
UZB;Uzbekistan;396;UNDP;25;TRUE
UZB;Uzbekistan;396;UNESCO;29;TRUE
UZB;Uzbekistan;396;UNFPA;30;TRUE
UZB;Uzbekistan;396;UNICEF;32;TRUE
UZB;Uzbekistan;396;UNODC;34;TRUE
UZB;Uzbekistan;396;UNOPS;35;TRUE
UZB;Uzbekistan;396;WHO;40;TRUE
UZB;Uzbekistan;396;UN RCO;50;TRUE
UZB;Uzbekistan;396;ILO;6;TRUE
UZB;Uzbekistan;396;IOM;8;TRUE
VEN;Venezuela;423;OHCHR;11;TRUE
VEN;Venezuela;423;OCHA;19;TRUE
VEN;Venezuela;423;FAO;2;TRUE
VEN;Venezuela;423;UNAIDS;22;TRUE
VEN;Venezuela;423;UNS;2485;TRUE
VEN;Venezuela;423;UNDP;25;TRUE
VEN;Venezuela;423;UNFPA;30;TRUE
VEN;Venezuela;423;UNHCR;31;TRUE
VEN;Venezuela;423;UNICEF;32;TRUE
VEN;Venezuela;423;WFP;39;TRUE
VEN;Venezuela;423;UN RCO;50;TRUE
VEN;Venezuela;423;IOM;8;TRUE
VEN;Venezuela;423;PAHO;962;TRUE
VNM;Viet Nam;397;UN-HABITAT;18;TRUE
VNM;Viet Nam;397;FAO;2;TRUE
VNM;Viet Nam;397;UN Women;21;TRUE
VNM;Viet Nam;397;UNAIDS;22;TRUE
VNM;Viet Nam;397;UNDSS;2275;TRUE
VNM;Viet Nam;397;UNS;2485;TRUE
VNM;Viet Nam;397;UNDP;25;TRUE
VNM;Viet Nam;397;UNESCO;29;TRUE
VNM;Viet Nam;397;UNFPA;30;TRUE
VNM;Viet Nam;397;UNICEF;32;TRUE
VNM;Viet Nam;397;UNIDO;33;TRUE
VNM;Viet Nam;397;UNODC;34;TRUE
VNM;Viet Nam;397;WHO;40;TRUE
VNM;Viet Nam;397;IFAD;5;TRUE
VNM;Viet Nam;397;UN RCO;50;TRUE
VNM;Viet Nam;397;ILO;6;TRUE
VNM;Viet Nam;397;IOM;8;TRUE
WSM;Samoa;377;FAO;2;TRUE
WSM;Samoa;377;UN Women;21;TRUE
WSM;Samoa;377;UNDSS;2275;TRUE
WSM;Samoa;377;UNS;2485;TRUE
WSM;Samoa;377;UNDP;25;TRUE
WSM;Samoa;377;UNEP;28;TRUE
WSM;Samoa;377;UNESCO;29;TRUE
WSM;Samoa;377;UNFPA;30;TRUE
WSM;Samoa;377;UNICEF;32;TRUE
WSM;Samoa;377;WHO;40;TRUE
WSM;Samoa;377;WMO;42;TRUE
WSM;Samoa;377;UN RCO;50;TRUE
WSM;Samoa;377;ILO;6;TRUE
XKX;Kosovo;405;UN-HABITAT;18;TRUE
XKX;Kosovo;405;FAO;2;TRUE
XKX;Kosovo;405;UN Women;21;TRUE
XKX;Kosovo;405;UNDSS;2275;TRUE
XKX;Kosovo;405;UNS;2485;TRUE
XKX;Kosovo;405;UNDP;25;TRUE
XKX;Kosovo;405;UNFPA;30;TRUE
XKX;Kosovo;405;UNHCR;31;TRUE
XKX;Kosovo;405;UNICEF;32;TRUE
XKX;Kosovo;405;UNOPS;35;TRUE
XKX;Kosovo;405;WHO;40;TRUE
XKX;Kosovo;405;UN RCO;50;TRUE
XKX;Kosovo;405;ILO;6;TRUE
XKX;Kosovo;405;IOM;8;TRUE
YEM;Yemen;415;OHCHR;11;TRUE
YEM;Yemen;415;UN-HABITAT;18;TRUE
YEM;Yemen;415;OCHA;19;TRUE
YEM;Yemen;415;FAO;2;TRUE
YEM;Yemen;415;UN Women;21;TRUE
YEM;Yemen;415;UNDCO;2274;TRUE
YEM;Yemen;415;UNDSS;2275;TRUE
YEM;Yemen;415;UNS;2485;TRUE
YEM;Yemen;415;UNDP;25;TRUE
YEM;Yemen;415;UNESCO;29;TRUE
YEM;Yemen;415;UNFPA;30;TRUE
YEM;Yemen;415;UNHCR;31;TRUE
YEM;Yemen;415;UNICEF;32;TRUE
YEM;Yemen;415;UNOPS;35;TRUE
YEM;Yemen;415;UNV;37;TRUE
YEM;Yemen;415;WFP;39;TRUE
YEM;Yemen;415;WHO;40;TRUE
YEM;Yemen;415;ILO;6;TRUE
YEM;Yemen;415;IOM;8;TRUE
ZFA;South Africa;384;OHCHR;11;TRUE
ZFA;South Africa;384;FAO;2;TRUE
ZFA;South Africa;384;UN Women;21;TRUE
ZFA;South Africa;384;UNAIDS;22;TRUE
ZFA;South Africa;384;UNS;2485;TRUE
ZFA;South Africa;384;UNDP;25;TRUE
ZFA;South Africa;384;UNEP;28;TRUE
ZFA;South Africa;384;UNFPA;30;TRUE
ZFA;South Africa;384;UNHCR;31;TRUE
ZFA;South Africa;384;UNICEF;32;TRUE
ZFA;South Africa;384;UNIDO;33;TRUE
ZFA;South Africa;384;UNODC;34;TRUE
ZFA;South Africa;384;WFP;39;TRUE
ZFA;South Africa;384;WHO;40;TRUE
ZFA;South Africa;384;IFAD;5;TRUE
ZFA;South Africa;384;UN RCO;50;TRUE
ZFA;South Africa;384;ILO;6;TRUE
ZFA;South Africa;384;IOM;8;TRUE
ZMB;Zambia;416;OHCHR;11;TRUE
ZMB;Zambia;416;World Bank;1277;TRUE
ZMB;Zambia;416;UN ECA;14;TRUE
ZMB;Zambia;416;UN-HABITAT;18;TRUE
ZMB;Zambia;416;FAO;2;TRUE
ZMB;Zambia;416;UN Women;21;TRUE
ZMB;Zambia;416;UNAIDS;22;TRUE
ZMB;Zambia;416;UNDSS;2275;TRUE
ZMB;Zambia;416;UNCDF;23;TRUE
ZMB;Zambia;416;UNCTAD;24;TRUE
ZMB;Zambia;416;UNS;2485;TRUE
ZMB;Zambia;416;UNDP;25;TRUE
ZMB;Zambia;416;UNESCO;29;TRUE
ZMB;Zambia;416;UNFPA;30;TRUE
ZMB;Zambia;416;UNHCR;31;TRUE
ZMB;Zambia;416;UNICEF;32;TRUE
ZMB;Zambia;416;UNIDO;33;TRUE
ZMB;Zambia;416;UNODC;34;TRUE
ZMB;Zambia;416;UNOPS;35;TRUE
ZMB;Zambia;416;WFP;39;TRUE
ZMB;Zambia;416;WHO;40;TRUE
ZMB;Zambia;416;IMF;47;TRUE
ZMB;Zambia;416;IFAD;5;TRUE
ZMB;Zambia;416;UN RCO;50;TRUE
ZMB;Zambia;416;ILO;6;TRUE
ZMB;Zambia;416;IOM;8;TRUE
ZWE;Zimbabwe;424;ITU;10;TRUE
ZWE;Zimbabwe;424;World Bank;1277;TRUE
ZWE;Zimbabwe;424;FAO;2;TRUE
ZWE;Zimbabwe;424;UN Women;21;TRUE
ZWE;Zimbabwe;424;UNAIDS;22;TRUE
ZWE;Zimbabwe;424;UNDSS;2275;TRUE
ZWE;Zimbabwe;424;DGC;2459;TRUE
ZWE;Zimbabwe;424;UNS;2485;TRUE
ZWE;Zimbabwe;424;UNDP;25;TRUE
ZWE;Zimbabwe;424;UNESCO;29;TRUE
ZWE;Zimbabwe;424;UNFPA;30;TRUE
ZWE;Zimbabwe;424;UNHCR;31;TRUE
ZWE;Zimbabwe;424;UNICEF;32;TRUE
ZWE;Zimbabwe;424;UNIDO;33;TRUE
ZWE;Zimbabwe;424;UNOPS;35;TRUE
ZWE;Zimbabwe;424;UPU;38;TRUE
ZWE;Zimbabwe;424;WFP;39;TRUE
ZWE;Zimbabwe;424;WHO;40;TRUE
ZWE;Zimbabwe;424;UN RCO;50;TRUE
ZWE;Zimbabwe;424;ILO;6;TRUE
ZWE;Zimbabwe;424;IOM;8;TRUE